HEROP_ID,GEOID
050US21007,21007
050US21017,21017
050US21031,21031
050US21065,21065
050US21069,21069
050US21093,21093
050US21099,21099
050US21131,21131
050US21151,21151
050US21155,21155
050US21179,21179
050US17091,17091
050US17187,17187
050US17197,17197
050US18027,18027
050US18061,18061
050US01001,1001
050US01005,1005
050US01023,1023
050US01035,1035
050US01051,1051
050US01055,1055
050US01065,1065
050US01089,1089
050US01113,1113
050US01117,1117
050US02016,2016
050US02130,2130
050US02180,2180
050US02282,2282
050US05011,5011
050US05015,5015
050US05019,5019
050US05025,5025
050US05063,5063
050US05067,5067
050US05121,5121
050US06001,6001
050US06003,6003
050US06005,6005
050US06013,6013
050US06019,6019
050US06023,6023
050US06033,6033
050US06037,6037
050US06047,6047
050US06057,6057
050US06081,6081
050US06085,6085
050US06115,6115
050US08013,8013
050US08029,8029
050US08049,8049
050US08077,8077
050US08083,8083
050US08091,8091
050US09009,9009
050US11001,11001
050US12009,12009
050US12023,12023
050US12039,12039
050US12055,12055
050US12065,12065
050US12073,12073
050US12095,12095
050US12107,12107
050US12123,12123
050US12127,12127
050US12131,12131
050US12133,12133
050US13009,13009
050US13027,13027
050US13103,13103
050US13121,13121
050US13141,13141
050US13149,13149
050US13179,13179
050US13183,13183
050US13189,13189
050US13209,13209
050US13229,13229
050US13267,13267
050US13271,13271
050US13291,13291
050US13305,13305
050US13319,13319
050US15007,15007
050US16015,16015
050US16023,16023
050US16025,16025
050US16027,16027
050US16037,16037
050US16039,16039
050US16043,16043
050US16061,16061
050US16063,16063
050US16085,16085
050US19175,19175
050US20053,20053
050US20095,20095
050US20135,20135
050US20199,20199
050US48011,48011
050US48025,48025
050US48035,48035
050US48053,48053
050US48055,48055
050US48083,48083
050US29057,29057
050US29143,29143
050US29157,29157
050US29189,29189
050US29199,29199
050US29207,29207
050US30015,30015
050US30023,30023
050US30029,30029
050US30039,30039
050US30057,30057
050US30071,30071
050US30077,30077
050US30085,30085
050US30087,30087
050US30105,30105
050US31091,31091
050US53065,53065
050US21189,21189
050US21195,21195
050US21217,21217
050US21237,21237
050US21239,21239
050US22001,22001
050US22009,22009
050US22011,22011
050US22029,22029
050US22031,22031
050US22033,22033
050US22047,22047
050US22071,22071
050US22081,22081
050US22099,22099
050US22119,22119
050US23013,23013
050US23015,23015
050US24003,24003
050US18103,18103
050US18129,18129
050US18147,18147
050US19001,19001
050US19045,19045
050US19083,19083
050US19111,19111
050US31167,31167
050US34003,34003
050US34007,34007
050US34013,34013
050US34023,34023
050US34041,34041
050US35007,35007
050US35011,35011
050US35051,35051
050US36013,36013
050US36029,36029
050US36043,36043
050US36045,36045
050US36047,36047
050US36053,36053
050US36065,36065
050US36077,36077
050US36081,36081
050US36091,36091
050US36115,36115
050US37007,37007
050US37027,37027
050US37039,37039
050US37049,37049
050US37055,37055
050US37059,37059
050US37069,37069
050US37083,37083
050US37091,37091
050US37093,37093
050US37099,37099
050US37111,37111
050US37117,37117
050US37127,37127
050US37165,37165
050US37175,37175
050US37199,37199
050US38017,38017
050US38037,38037
050US38085,38085
050US38099,38099
050US39035,39035
050US39039,39039
050US39043,39043
050US39125,39125
050US40065,40065
050US48103,48103
050US48141,48141
050US48151,48151
050US48161,48161
050US48167,48167
050US48199,48199
050US48213,48213
050US48229,48229
050US48241,48241
050US48245,48245
050US48261,48261
050US48289,48289
050US48317,48317
050US48333,48333
050US48347,48347
050US48361,48361
050US48371,48371
050US48395,48395
050US48423,48423
050US48427,48427
050US48457,48457
050US48471,48471
050US48475,48475
050US48477,48477
050US48499,48499
050US49001,49001
050US49003,49003
050US49011,49011
050US40073,40073
050US40079,40079
050US40145,40145
050US41005,41005
050US41021,41021
050US41033,41033
050US41035,41035
050US41039,41039
050US41043,41043
050US41051,41051
050US41055,41055
050US41061,41061
050US42005,42005
050US42029,42029
050US42035,42035
050US42059,42059
050US42067,42067
050US42091,42091
050US42111,42111
050US45005,45005
050US45019,45019
050US45025,45025
050US45043,45043
050US45063,45063
050US45077,45077
050US45091,45091
050US46073,46073
050US46093,46093
050US46095,46095
050US46123,46123
050US47001,47001
050US47003,47003
050US47005,47005
050US47019,47019
050US47029,47029
050US47049,47049
050US47063,47063
050US47073,47073
050US47081,47081
050US47097,47097
050US47121,47121
050US47149,47149
050US47173,47173
050US48007,48007
050US25001,25001
050US25013,25013
050US25025,25025
050US26033,26033
050US26053,26053
050US26063,26063
050US26097,26097
050US26115,26115
050US13283,13283
050US13289,13289
050US13313,13313
050US13317,13317
050US15001,15001
050US15009,15009
050US16059,16059
050US16073,16073
050US16083,16083
050US16087,16087
050US17027,17027
050US17031,17031
050US17047,17047
050US49029,49029
050US49035,49035
050US49043,49043
050US49049,49049
050US51015,51015
050US51037,51037
050US51051,51051
050US51053,51053
050US51069,51069
050US51073,51073
050US51085,51085
050US51099,51099
050US51125,51125
050US51131,51131
050US51137,51137
050US51145,51145
050US51149,51149
050US51161,51161
050US51177,51177
050US51185,51185
050US51199,51199
050US53005,53005
050US53007,53007
050US53009,53009
050US53015,53015
050US53025,53025
050US53031,53031
050US53037,53037
050US53043,53043
050US12077,12077
050US05061,5061
050US05093,5093
050US05095,5095
050US05099,5099
050US05103,5103
050US05109,5109
050US05117,5117
050US05133,5133
050US05147,5147
050US06045,6045
050US06051,6051
050US24011,24011
050US24033,24033
050US24043,24043
050US25007,25007
050US25017,25017
050US26041,26041
050US26099,26099
050US26103,26103
050US26135,26135
050US26147,26147
050US26163,26163
050US27023,27023
050US27053,27053
050US27077,27077
050US27091,27091
050US27129,27129
050US27139,27139
050US27163,27163
050US28007,28007
050US28033,28033
050US28055,28055
050US28075,28075
050US28143,28143
050US28157,28157
050US28163,28163
050US29023,29023
050US29029,29029
050US29031,29031
050US29033,29033
050US17075,17075
050US17129,17129
050US17161,17161
050US17175,17175
050US17185,17185
050US18009,18009
050US18035,18035
050US18067,18067
050US18083,18083
050US18159,18159
050US18175,18175
050US49025,49025
050US05003,5003
050US05007,5007
050US05013,5013
050US05045,5045
050US13051,13051
050US13077,13077
050US13123,13123
050US13133,13133
050US13137,13137
050US13139,13139
050US13143,13143
050US13157,13157
050US13171,13171
050US13181,13181
050US13185,13185
050US13195,13195
050US13213,13213
050US13217,13217
050US13237,13237
050US13245,13245
050US13251,13251
050US13269,13269
050US13279,13279
050US23023,23023
050US23031,23031
050US24001,24001
050US24005,24005
050US24017,24017
050US24021,24021
050US24031,24031
050US24045,24045
050US28149,28149
050US28151,28151
050US29041,29041
050US29069,29069
050US29087,29087
050US29113,29113
050US29159,29159
050US29183,29183
050US29195,29195
050US29197,29197
050US29201,29201
050US30001,30001
050US30013,30013
050US30027,30027
050US30031,30031
050US30045,30045
050US30049,30049
050US30055,30055
050US30059,30059
050US30069,30069
050US30073,30073
050US30083,30083
050US30099,30099
050US31103,31103
050US31151,31151
050US32001,32001
050US32003,32003
050US32015,32015
050US33007,33007
050US33015,33015
050US33017,33017
050US34001,34001
050US34005,34005
050US34015,34015
050US34019,34019
050US34021,34021
050US34025,34025
050US34029,34029
050US34035,34035
050US21229,21229
050US21231,21231
050US22035,22035
050US22045,22045
050US22053,22053
050US22055,22055
050US06055,6055
050US06059,6059
050US06069,6069
050US06073,6073
050US06079,6079
050US06083,6083
050US06097,6097
050US06101,6101
050US06107,6107
050US06113,6113
050US08019,8019
050US08023,8023
050US08031,8031
050US08037,8037
050US08055,8055
050US01049,1049
050US01063,1063
050US01087,1087
050US01091,1091
050US01095,1095
050US01101,1101
050US01107,1107
050US01115,1115
050US01119,1119
050US01131,1131
050US02090,2090
050US02158,2158
050US02240,2240
050US04005,4005
050US04009,4009
050US04013,4013
050US54001,54001
050US54005,54005
050US54021,54021
050US54039,54039
050US54045,54045
050US54047,54047
050US54063,54063
050US54067,54067
050US54087,54087
050US54107,54107
050US55003,55003
050US55043,55043
050US55113,55113
050US56029,56029
050US12086,12086
050US12093,12093
050US12097,12097
050US13021,13021
050US13029,13029
050US39137,39137
050US39175,39175
050US40013,40013
050US40027,40027
050US40057,40057
050US40067,40067
050US40075,40075
050US40095,40095
050US40125,40125
050US40135,40135
050US40143,40143
050US27011,27011
050US27013,27013
050US27031,27031
050US27061,27061
050US27073,27073
050US27075,27075
050US27089,27089
050US27097,27097
050US27127,27127
050US27161,27161
050US27171,27171
050US28001,28001
050US28011,28011
050US28029,28029
050US28043,28043
050US28083,28083
050US28087,28087
050US28103,28103
050US28121,28121
050US35015,35015
050US35039,35039
050US35045,35045
050US35055,35055
050US36025,36025
050US36031,36031
050US36103,36103
050US36105,36105
050US36119,36119
050US36123,36123
050US37009,37009
050US37013,37013
050US37017,37017
050US37023,37023
050US37037,37037
050US37043,37043
050US37053,37053
050US37057,37057
050US37065,37065
050US37075,37075
050US37085,37085
050US37089,37089
050US37095,37095
050US37103,37103
050US37115,37115
050US37123,37123
050US28141,28141
050US42099,42099
050US42103,42103
050US42127,42127
050US42133,42133
050US48411,48411
050US48429,48429
050US48449,48449
050US48453,48453
050US48455,48455
050US48467,48467
050US48473,48473
050US48479,48479
050US49033,49033
050US49045,49045
050US49047,49047
050US49051,49051
050US50017,50017
050US50027,50027
050US51007,51007
050US51017,51017
050US51019,51019
050US51023,51023
050US51033,51033
050US51036,51036
050US51041,51041
050US51057,51057
050US51067,51067
050US51083,51083
050US51091,51091
050US51095,51095
050US51107,51107
050US51111,51111
050US51127,51127
050US51133,51133
050US51143,51143
050US51159,51159
050US51165,51165
050US51175,51175
050US51179,51179
050US51187,51187
050US53047,53047
050US53049,53049
050US53053,53053
050US53061,53061
050US53071,53071
050US53073,53073
050US54013,54013
050US54017,54017
050US54019,54019
050US54023,54023
050US54027,54027
050US54033,54033
050US54037,54037
050US54043,54043
050US54065,54065
050US54071,54071
050US54081,54081
050US54093,54093
050US54095,54095
050US37133,37133
050US37137,37137
050US37149,37149
050US37153,37153
050US37161,37161
050US37163,37163
050US37177,37177
050US38005,38005
050US38033,38033
050US38053,38053
050US38059,38059
050US38067,38067
050US38071,38071
050US22067,22067
050US22069,22069
050US22079,22079
050US22097,22097
050US22107,22107
050US22113,22113
050US22117,22117
050US22123,22123
050US23007,23007
050US08065,8065
050US08071,8071
050US08093,8093
050US08105,8105
050US08113,8113
050US09001,9001
050US09007,9007
050US09011,9011
050US10005,10005
050US12033,12033
050US12037,12037
050US12041,12041
050US12047,12047
050US12053,12053
050US12071,12071
050US19009,19009
050US19027,19027
050US19075,19075
050US19113,19113
050US19147,19147
050US19195,19195
050US20069,20069
050US20143,20143
050US20181,20181
050US21005,21005
050US21025,21025
050US21029,21029
050US21033,21033
050US21043,21043
050US21049,21049
050US21063,21063
050US21071,21071
050US21085,21085
050US21097,21097
050US21109,21109
050US21119,21119
050US21125,21125
050US21135,21135
050US21139,21139
050US21153,21153
050US21159,21159
050US21167,21167
050US21181,21181
050US21183,21183
050US21193,21193
050US21197,21197
050US21205,21205
050US54109,54109
050US55023,55023
050US55037,55037
050US55051,55051
050US55069,55069
050US55075,55075
050US55111,55111
050US41007,41007
050US41017,41017
050US41019,41019
050US41065,41065
050US42003,42003
050US42027,42027
050US42033,42033
050US42041,42041
050US42045,42045
050US42051,42051
050US42061,42061
050US42071,42071
050US42089,42089
050US42095,42095
050US51063,51063
050US51087,51087
050US53077,53077
050US45027,45027
050US45047,45047
050US01043,1043
050US45029,45029
050US45071,45071
050US46067,46067
050US01033,1033
050US02050,2050
050US04007,4007
050US05039,5039
050US06039,6039
050US08043,8043
050US12013,12013
050US12069,12069
050US12129,12129
050US13219,13219
050US16035,16035
050US16069,16069
050US17153,17153
050US18071,18071
050US19087,19087
050US21003,21003
050US21051,21051
050US21165,21165
050US46085,46085
050US47057,47057
050US02195,2195
050US06009,6009
050US08097,8097
050US13007,13007
050US21055,21055
050US22017,22017
050US22115,22115
050US26137,26137
050US29019,29019
050US30005,30005
050US37029,37029
050US40089,40089
050US41023,41023
050US46117,46117
050US47091,47091
050US39047,39047
050US39061,39061
050US39095,39095
050US45055,45055
050US45059,45059
050US45069,45069
050US45073,45073
050US45083,45083
050US45089,45089
050US46009,46009
050US06043,6043
050US06095,6095
050US08035,8035
050US10003,10003
050US12079,12079
050US12113,12113
050US13001,13001
050US13079,13079
050US13135,13135
050US13311,13311
050US47107,47107
050US47117,47117
050US47123,47123
050US47143,47143
050US47151,47151
050US47155,47155
050US47157,47157
050US47165,47165
050US47167,47167
050US47185,47185
050US47189,47189
050US48001,48001
050US48005,48005
050US48029,48029
050US48037,48037
050US48043,48043
050US48051,48051
050US48057,48057
050US48067,48067
050US48091,48091
050US48109,48109
050US48119,48119
050US48173,48173
050US48187,48187
050US48205,48205
050US48215,48215
050US48225,48225
050US48263,48263
050US48273,48273
050US48287,48287
050US48301,48301
050US48311,48311
050US48315,48315
050US48339,48339
050US48343,48343
050US48349,48349
050US48373,48373
050US48377,48377
050US48383,48383
050US48405,48405
050US48407,48407
050US46041,46041
050US46071,46071
050US46075,46075
050US46079,46079
050US46127,46127
050US47013,47013
050US47021,47021
050US47031,47031
050US47035,47035
050US47037,47037
050US47041,47041
050US47065,47065
050US47089,47089
050US56003,56003
050US56013,56013
050US56031,56031
050US56035,56035
050US01041,1041
050US02100,2100
050US04001,4001
050US05001,5001
050US05029,5029
050US05057,5057
050US39115,39115
050US40113,40113
050US41015,41015
050US42049,42049
050US42101,42101
050US45009,45009
050US45057,45057
050US45087,45087
050US47025,47025
050US47053,47053
050US47135,47135
050US47163,47163
050US48089,48089
050US48135,48135
050US48203,48203
050US48323,48323
050US48351,48351
050US48379,48379
050US48409,48409
050US48465,48465
050US49007,49007
050US49019,49019
050US51005,51005
050US51029,51029
050US51089,51089
050US51141,51141
050US51193,51193
050US53011,53011
050US53045,53045
050US54025,54025
050US55001,55001
050US08027,8027
050US08051,8051
050US05041,5041
050US13261,13261
050US18179,18179
050US22111,22111
050US23003,23003
050US40133,40133
050US35019,35019
050US37105,37105
050US37125,37125
050US19035,19035
050US20033,20033
050US20149,20149
050US21027,21027
050US21147,21147
050US21175,21175
050US22005,22005
050US22015,22015
050US22025,22025
050US22037,22037
050US22091,22091
050US22109,22109
050US24029,24029
050US24047,24047
050US26055,26055
050US27015,27015
050US27167,27167
050US28051,28051
050US29013,29013
050US29095,29095
050US30053,30053
050US35033,35033
050US36059,36059
050US38003,38003
050US38055,38055
050US40055,40055
050US40117,40117
050US42043,42043
050US42097,42097
050US45015,45015
050US45067,45067
050US47009,47009
050US47129,47129
050US48065,48065
050US48157,48157
050US12057,12057
050US12089,12089
050US13025,13025
050US39167,39167
050US40023,40023
050US18007,18007
050US18051,18051
050US18123,18123
050US20083,20083
050US20203,20203
050US21079,21079
050US21123,21123
050US21209,21209
050US22065,22065
050US22105,22105
050US23025,23025
050US26007,26007
050US28017,28017
050US48419,48419
050US54083,54083
050US06063,6063
050US48129,48129
050US48313,48313
050US53027,53027
050US54059,54059
050US05119,5119
050US06093,6093
050US02170,2170
050US13075,13075
050US25005,25005
050US13303,13303
050US17017,17017
050US22043,22043
050US22127,22127
050US10001,10001
050US12075,12075
050US27021,27021
050US28089,28089
050US29227,29227
050US30043,30043
050US30081,30081
050US34027,34027
050US36075,36075
050US37021,37021
050US37107,37107
050US37145,37145
050US37193,37193
050US40141,40141
050US41031,41031
050US41047,41047
050US27087,27087
050US27173,27173
050US28109,28109
050US29027,29027
050US30009,30009
050US30033,30033
050US31033,31033
050US34031,34031
050US35017,35017
050US36009,36009
050US36061,36061
050US36071,36071
050US37015,37015
050US37101,37101
050US37131,37131
050US37159,37159
050US37183,37183
050US13201,13201
050US13265,13265
050US44009,44009
050US45003,45003
050US45007,45007
050US45017,45017
050US45035,45035
050US45041,45041
050US45045,45045
050US45051,45051
050US30007,30007
050US30093,30093
050US37051,37051
050US37139,37139
050US45061,45061
050US46055,46055
050US47045,47045
050US47127,47127
050US51081,51081
050US51105,51105
050US51195,51195
050US54007,54007
050US54099,54099
050US42031,42031
050US01009,1009
050US01047,1047
050US05073,5073
050US06027,6027
050US06053,6053
050US06099,6099
050US08111,8111
050US12045,12045
050US12105,12105
050US12121,12121
050US16041,16041
050US16079,16079
050US18021,18021
050US48175,48175
050US48503,48503
050US51113,51113
050US53033,53033
050US53057,53057
050US06091,6091
050US18125,18125
050US26003,26003
050US27103,27103
050US01039,1039
050US01061,1061
050US01075,1075
050US04011,4011
050US01013,1013
050US01015,1015
050US21235,21235
050US22057,22057
050US24023,24023
050US26013,26013
050US26071,26071
050US47145,47145
050US47183,47183
050US48041,48041
050US48079,48079
050US48341,48341
050US49005,49005
050US49023,49023
050US51103,51103
050US51157,51157
050US53019,53019
050US53075,53075
050US55011,55011
050US56033,56033
050US56039,56039
050US05085,5085
050US06089,6089
050US08005,8005
050US08033,8033
050US01073,1073
050US01129,1129
050US02290,2290
050US42131,42131
050US45021,45021
050US27137,27137
050US28021,28021
050US28053,28053
050US28137,28137
050US30003,30003
050US30035,30035
050US30061,30061
050US30089,30089
050US31009,31009
050US32033,32033
050US34009,34009
050US36017,36017
050US37019,37019
050US37047,37047
050US37079,37079
050US37147,37147
050US37173,37173
050US45065,45065
050US46003,46003
050US47055,47055
050US47085,47085
050US05145,5145
050US13107,13107
050US16007,16007
050US47119,47119
050US47147,47147
050US48015,48015
050US48277,48277
050US48391,48391
050US48469,48469
050US49057,49057
050US51003,51003
050US51031,51031
050US51059,51059
050US51121,51121
050US51155,51155
050US53067,53067
050US54031,54031
050US54057,54057
050US54085,54085
050US55007,55007
050US55057,55057
050US55121,55121
050US41003,41003
050US42023,42023
050US42055,42055
050US44007,44007
050US21203,21203
050US05017,5017
050US13215,13215
050US13301,13301
050US16013,16013
050US16031,16031
050US17125,17125
050US24015,24015
050US24039,24039
050US17007,17007
050US18053,18053
050US20065,20065
050US21011,21011
050US21067,21067
050US21101,21101
050US21133,21133
050US22077,22077
050US22103,22103
050US08069,8069
050US12029,12029
050US27067,27067
050US27119,27119
050US20067,20067
050US21089,21089
050US26089,26089
050US26141,26141
050US32031,32031
050US38097,38097
050US47105,47105
050US13309,13309
050US17003,17003
050US17189,17189
050US19003,19003
050US19163,19163
050US20195,20195
050US21187,21187
050US22063,22063
050US22101,22101
050US08117,8117
050US12007,12007
050US13031,13031
050US39123,39123
050US40101,40101
050US27069,27069
050US27107,27107
050US27145,27145
050US28049,28049
050US29171,29171
050US30075,30075
050US32011,32011
050US34033,34033
050US36113,36113
050US37031,37031
050US37113,37113
050US38035,38035
050US39055,39055
050US46023,46023
050US47093,47093
050US01071,1071
050US13019,13019
050US48061,48061
050US48185,48185
050US48239,48239
050US06011,6011
050US16029,16029
050US01021,1021
050US01027,1027
050US01029,1029
050US04023,4023
050US01093,1093
050US05053,5053
050US01103,1103
050US01133,1133
050US02070,2070
050US02110,2110
050US02150,2150
050US02220,2220
050US48389,48389
050US49017,49017
050US51093,51093
050US51171,51171
050US53021,53021
050US53055,53055
050US05069,5069
050US05107,5107
050US06041,6041
050US06077,6077
050US08001,8001
050US01059,1059
050US01097,1097
050US48283,48283
050US48401,48401
050US48459,48459
050US49037,49037
050US51027,51027
050US51101,51101
050US51147,51147
050US51191,51191
050US54003,54003
050US54041,54041
050US42017,42017
050US05043,5043
050US05049,5049
050US02020,2020
050US04021,4021
050US13113,13113
050US13151,13151
050US13191,13191
050US23027,23027
050US24027,24027
050US05135,5135
050US09005,9005
050US09013,9013
050US12115,12115
050US05101,5101
050US05105,5105
050US05115,5115
050US05005,5005
050US05009,5009
050US08021,8021
050US08039,8039
050US08059,8059
050US01037,1037
050US08073,8073
050US08101,8101
050US08121,8121
050US08125,8125
050US05077,5077
050US01017,1017
050US05129,5129
050US13063,13063
050US13159,13159
050US06031,6031
050US06035,6035
050US06075,6075
050US08003,8003
050US08015,8015
050US13003,13003
050US12035,12035
050US12059,12059
050US12087,12087
050US12109,12109
050US12111,12111
050US05149,5149
050US06021,6021
050US06025,6025
050US06061,6061
050US06109,6109
050US13117,13117
050US13169,13169
050US13197,13197
050US17067,17067
050US17183,17183
050US13059,13059
050US13069,13069
050US13083,13083
050US17053,17053
050US13145,13145
050US13023,13023
050US13037,13037
050US13053,13053
050US17073,17073
050US17097,17097
050US17059,17059
050US17063,17063
050US13093,13093
050US16051,16051
050US16065,16065
050US13111,13111
050US13243,13243
050US13257,13257
050US17011,17011
050US17015,17015
050US18099,18099
050US18101,18101
050US13287,13287
050US13295,13295
050US15003,15003
050US16009,16009
050US18003,18003
050US17149,17149
050US17159,17159
050US17107,17107
050US17115,17115
050US17121,17121
050US17131,17131
050US17135,17135
050US17145,17145
050US13233,13233
050US13239,13239
050US18031,18031
050US18037,18037
050US18041,18041
050US18055,18055
050US18065,18065
050US18075,18075
050US18085,18085
050US18091,18091
050US18109,18109
050US16019,16019
050US16021,16021
050US16045,16045
050US17029,17029
050US18181,18181
050US19007,19007
050US19017,19017
050US19025,19025
050US18095,18095
050US18097,18097
050US17173,17173
050US17177,17177
050US16075,16075
050US17005,17005
050US19103,19103
050US19117,19117
050US19127,19127
050US19131,19131
050US20105,20105
050US20109,20109
050US20111,20111
050US20113,20113
050US19135,19135
050US19041,19041
050US18017,18017
050US20049,20049
050US20057,20057
050US18115,18115
050US18119,18119
050US18121,18121
050US20091,20091
050US20097,20097
050US20101,20101
050US19049,19049
050US18133,18133
050US18157,18157
050US18111,18111
050US17021,17021
050US19159,19159
050US19165,19165
050US20063,20063
050US20073,20073
050US20077,20077
050US20085,20085
050US19169,19169
050US19189,19189
050US20001,20001
050US20009,20009
050US20015,20015
050US20025,20025
050US20029,20029
050US20043,20043
050US40045,40045
050US48309,48309
050US48337,48337
050US48355,48355
050US51720,51720
050US51740,51740
050US18143,18143
050US18171,18171
050US18177,18177
050US19097,19097
050US19141,19141
050US19055,19055
050US19073,19073
050US19079,19079
050US40041,40041
050US46111,46111
050US51810,51810
050US20087,20087
050US20089,20089
050US46109,46109
050US46121,46121
050US53051,53051
050US53059,53059
050US54011,54011
050US23011,23011
050US24019,24019
050US38103,38103
050US30101,30101
050US31003,31003
050US48275,48275
050US31029,31029
050US24025,24025
050US24035,24035
050US25009,25009
050US26015,26015
050US38045,38045
050US38051,38051
050US38095,38095
050US38101,38101
050US25003,25003
050US25011,25011
050US25021,25021
050US26159,26159
050US26165,26165
050US40151,40151
050US42073,42073
050US42083,42083
050US48441,48441
050US48451,48451
050US55123,55123
050US47115,47115
050US47125,47125
050US51153,51153
050US46015,46015
050US46035,46035
050US46039,46039
050US46049,46049
050US51075,51075
050US45001,45001
050US48045,48045
050US51181,51181
050US29005,29005
050US29009,29009
050US39159,39159
050US31171,31171
050US48145,48145
050US36057,36057
050US36067,36067
050US39105,39105
050US27153,27153
050US27157,27157
050US28013,28013
050US26023,26023
050US37001,37001
050US55077,55077
050US29203,29203
050US29133,29133
050US29149,29149
050US31031,31031
050US31035,31035
050US31037,31037
050US38027,38027
050US13205,13205
050US13315,13315
050US16033,16033
050US17043,17043
050US47101,47101
050US48385,48385
050US48399,48399
050US55085,55085
050US40131,40131
050US48093,48093
050US36019,36019
050US31051,31051
050US41025,41025
050US47087,47087
050US28023,28023
050US48485,48485
050US48489,48489
050US50025,50025
050US21075,21075
050US21083,21083
050US26027,26027
050US30067,30067
050US30095,30095
050US36073,36073
050US48049,48049
050US48069,48069
050US13273,13273
050US45081,45081
050US46005,46005
050US46011,46011
050US29021,29021
050US29035,29035
050US26037,26037
050US26051,26051
050US40001,40001
050US40005,40005
050US40033,40033
050US08053,8053
050US12031,12031
050US12119,12119
050US13073,13073
050US55105,55105
050US55119,55119
050US41011,41011
050US51079,51079
050US32013,32013
050US27095,27095
050US27101,27101
050US27109,27109
050US27125,27125
050US54049,54049
050US54073,54073
050US55067,55067
050US55073,55073
050US17137,17137
050US42121,42121
050US44001,44001
050US48107,48107
050US39099,39099
050US39103,39103
050US32009,32009
050US41027,41027
050US41049,41049
050US48507,48507
050US49009,49009
050US49021,49021
050US56041,56041
050US51011,51011
050US51025,51025
050US21045,21045
050US21113,21113
050US21141,21141
050US41059,41059
050US40017,40017
050US56045,56045
050US23019,23019
050US51043,51043
050US48251,48251
050US51135,51135
050US22095,22095
050US22125,22125
050US26061,26061
050US48231,48231
050US48279,48279
050US04003,4003
050US29081,29081
050US31023,31023
050US37189,37189
050US38007,38007
050US51630,51630
050US42013,42013
050US42117,42117
050US26065,26065
050US29167,29167
050US19191,19191
050US29085,29085
050US40035,40035
050US49027,49027
050US50009,50009
050US47139,47139
050US47153,47153
050US48497,48497
050US13223,13223
050US55127,55127
050US56001,56001
050US56005,56005
050US21201,21201
050US20023,20023
050US47169,47169
050US50019,50019
050US48413,48413
050US46059,46059
050US46063,46063
050US46077,46077
050US46087,46087
050US46089,46089
050US56015,56015
050US47177,47177
050US48017,48017
050US48131,48131
050US48143,48143
050US42011,42011
050US42019,42019
050US42105,42105
050US42115,42115
050US51049,51049
050US26017,26017
050US51685,51685
050US48163,48163
050US48165,48165
050US48179,48179
050US28047,28047
050US48285,48285
050US48303,48303
050US51540,51540
050US51570,51570
050US51610,51610
050US02060,2060
050US02068,2068
050US02188,2188
050US02230,2230
050US02275,2275
050US30019,30019
050US39025,39025
050US39053,39053
050US39067,39067
050US31153,31153
050US02013,2013
050US40093,40093
050US40103,40103
050US40053,40053
050US31081,31081
050US31109,31109
050US31119,31119
050US01057,1057
050US01111,1111
050US05021,5021
050US05023,5023
050US05037,5037
050US27071,27071
050US19197,19197
050US20013,20013
050US40107,40107
050US31053,31053
050US31123,31123
050US21041,21041
050US39135,39135
050US39119,39119
050US05051,5051
050US31095,31095
050US29173,29173
050US40021,40021
050US36079,36079
050US36097,36097
050US29011,29011
050US39127,39127
050US20045,20045
050US20051,20051
050US20055,20055
050US29177,29177
050US28153,28153
050US28159,28159
050US28161,28161
050US20173,20173
050US20177,20177
050US20185,20185
050US29017,29017
050US29047,29047
050US20059,20059
050US39163,39163
050US29105,29105
050US29109,29109
050US31137,31137
050US33003,33003
050US39009,39009
050US19181,19181
050US19185,19185
050US19187,19187
050US21207,21207
050US38065,38065
050US06111,6111
050US08009,8009
050US08011,8011
050US08017,8017
050US29125,29125
050US31133,31133
050US20175,20175
050US22023,22023
050US22041,22041
050US22051,22051
050US22075,22075
050US39171,39171
050US20017,20017
050US20183,20183
050US20189,20189
050US20037,20037
050US20027,20027
050US20031,20031
050US29223,29223
050US29510,29510
050US21021,21021
050US36107,36107
050US20159,20159
050US20169,20169
050US21137,21137
050US39147,39147
050US39153,39153
050US40037,40037
050US34037,34037
050US32023,32023
050US32510,32510
050US40039,40039
050US40043,40043
050US39131,39131
050US29077,29077
050US28115,28115
050US28129,28129
050US31177,31177
050US20125,20125
050US20209,20209
050US21001,21001
050US21077,21077
050US23021,23021
050US24009,24009
050US06103,6103
050US40009,40009
050US40019,40019
050US31041,31041
050US38089,38089
050US26131,26131
050US38061,38061
050US29001,29001
050US51790,51790
050US40069,40069
050US46097,46097
050US21171,21171
050US26075,26075
050US26079,26079
050US26095,26095
050US26133,26133
050US26143,26143
050US39007,39007
050US36121,36121
050US37121,37121
050US37141,37141
050US39073,39073
050US39077,39077
050US46099,46099
050US54015,54015
050US26119,26119
050US21103,21103
050US36033,36033
050US36051,36051
050US31055,31055
050US40047,40047
050US13047,13047
050US20131,20131
050US20141,20141
050US31047,31047
050US47039,47039
050US55025,55025
050US39129,39129
050US39019,39019
050US35003,35003
050US35021,35021
050US35037,35037
050US20193,20193
050US21013,21013
050US39097,39097
050US28067,28067
050US21173,21173
050US29119,29119
050US31161,31161
050US55039,55039
050US55059,55059
050US39151,39151
050US40031,40031
050US28071,28071
050US28085,28085
050US39083,39083
050US39091,39091
050US29061,29061
050US29067,29067
050US40121,40121
050US40127,40127
050US46125,46125
050US21199,21199
050US26149,26149
050US39157,39157
050US26153,26153
050US26155,26155
050US27081,27081
050US39117,39117
050US27033,27033
050US27043,27043
050US39143,39143
050US46107,46107
050US48365,48365
050US53013,53013
050US39165,39165
050US39133,39133
050US39013,39013
050US31065,31065
050US31071,31071
050US31089,31089
050US39107,39107
050US39121,39121
050US21227,21227
050US53029,53029
050US53035,53035
050US53041,53041
050US51830,51830
050US55015,55015
050US55021,55021
050US39017,39017
050US35047,35047
050US35057,35057
050US33013,33013
050US39155,39155
050US28133,28133
050US22003,22003
050US22021,22021
050US18059,18059
050US20021,20021
050US27141,27141
050US27147,27147
050US27151,27151
050US35061,35061
050US21213,21213
050US13235,13235
050US13249,13249
050US20147,20147
050US20151,20151
050US20153,20153
050US17019,17019
050US47131,47131
050US13065,13065
050US13161,13161
050US21111,21111
050US19171,19171
050US12099,12099
050US12067,12067
050US22121,22121
050US01053,1053
050US01067,1067
050US21129,21129
050US19077,19077
050US19081,19081
050US19089,19089
050US13011,13011
050US27131,27131
050US27135,27135
050US42079,42079
050US45011,45011
050US47181,47181
050US48009,48009
050US50003,50003
050US19167,19167
050US13207,13207
050US18173,18173
050US17179,17179
050US13057,13057
050US17057,17057
050US13085,13085
050US08115,8115
050US13225,13225
050US05089,5089
050US19173,19173
050US48417,48417
050US48421,48421
050US48431,48431
050US48435,48435
050US42047,42047
050US13253,13253
050US13277,13277
050US48369,48369
050US48381,48381
050US17041,17041
050US05113,5113
050US26125,26125
050US21169,21169
050US48487,48487
050US48493,48493
050US42075,42075
050US24510,24510
050US25019,25019
050US36095,36095
050US19095,19095
050US19099,19099
050US13015,13015
050US47075,47075
050US17051,17051
050US05055,5055
050US08014,8014
050US05065,5065
050US05071,5071
050US19101,19101
050US19105,19105
050US19109,19109
050US12019,12019
050US12049,12049
050US19057,19057
050US20061,20061
050US42123,42123
050US13095,13095
050US27083,27083
050US19161,19161
050US13049,13049
050US42119,42119
050US13177,13177
050US36099,36099
050US33001,33001
050US08099,8099
050US45037,45037
050US29055,29055
050US26001,26001
050US13167,13167
050US27093,27093
050US27099,27099
050US21145,21145
050US26039,26039
050US26045,26045
050US08041,8041
050US19137,19137
050US13043,13043
050US18069,18069
050US18073,18073
050US37087,37087
050US37155,37155
050US38105,38105
050US48139,48139
050US48403,48403
050US48481,48481
050US41001,41001
050US41045,41045
050US42063,42063
050US45053,45053
050US18029,18029
050US18131,18131
050US18139,18139
050US08047,8047
050US08089,8089
050US19047,19047
050US40061,40061
050US29137,29137
050US31169,31169
050US47161,47161
050US17023,17023
050US19043,19043
050US19053,19053
050US20171,20171
050US19133,19133
050US26019,26019
050US26035,26035
050US20071,20071
050US20123,20123
050US42065,42065
050US44003,44003
050US17061,17061
050US18105,18105
050US18117,18117
050US18137,18137
050US05083,5083
050US40081,40081
050US19071,19071
050US19023,19023
050US19029,19029
050US08103,8103
050US08109,8109
050US05031,5031
050US26009,26009
050US27117,27117
050US27121,27121
050US27041,27041
050US19115,19115
050US19125,19125
050US13187,13187
050US17009,17009
050US08119,8119
050US12001,12001
050US09015,9015
050US12027,12027
050US05123,5123
050US26011,26011
050US18043,18043
050US21215,21215
050US21221,21221
050US22059,22059
050US22073,22073
050US22083,22083
050US22087,22087
050US40071,40071
050US09003,9003
050US05141,5141
050US26117,26117
050US26121,26121
050US49055,49055
050US42081,42081
050US19061,19061
050US19067,19067
050US19139,19139
050US19143,19143
050US19153,19153
050US19157,19157
050US26101,26101
050US19005,19005
050US19013,19013
050US19019,19019
050US20139,20139
050US42069,42069
050US40115,40115
050US27045,27045
050US27123,27123
050US13099,13099
050US16053,16053
050US54061,54061
050US42007,42007
050US48353,48353
050US48357,48357
050US48367,48367
050US54069,54069
050US28037,28037
050US28041,28041
050US48221,48221
050US48227,48227
050US38087,38087
050US13089,13089
050US12061,12061
050US13285,13285
050US17085,17085
050US17089,17089
050US45039,45039
050US13115,13115
050US42021,42021
050US18141,18141
050US18149,18149
050US13125,13125
050US13255,13255
050US13259,13259
050US08081,8081
050US27001,27001
050US42037,42037
050US17069,17069
050US17151,17151
050US26077,26077
050US42107,42107
050US17071,17071
050US30037,30037
050US30051,30051
050US27005,27005
050US38023,38023
050US51173,51173
050US01077,1077
050US01083,1083
050US13067,13067
050US13081,13081
050US37097,37097
050US37169,37169
050US51510,51510
050US51013,51013
050US13165,13165
050US26073,26073
050US18005,18005
050US18015,18015
050US16071,16071
050US17167,17167
050US18163,18163
050US18165,18165
050US18169,18169
050US54055,54055
050US13299,13299
050US26093,26093
050US17203,17203
050US08085,8085
050US12021,12021
050US12051,12051
050US17147,17147
050US48097,48097
050US48113,48113
050US13307,13307
050US17141,17141
050US17157,17157
050US47109,47109
050US47113,47113
050US48445,48445
050US48483,48483
050US53039,53039
050US54035,54035
050US48127,48127
050US27133,27133
050US54101,54101
050US55005,55005
050US17165,17165
050US18001,18001
050US01125,1125
050US04017,4017
050US56019,56019
050US55089,55089
050US39001,39001
050US28091,28091
050US51045,51045
050US51580,51580
050US51600,51600
050US17081,17081
050US13035,13035
050US27019,27019
050US27029,27029
050US39169,39169
050US42001,42001
050US28095,28095
050US47133,47133
050US49041,49041
050US26043,26043
050US26057,26057
050US26067,26067
050US36069,36069
050US28105,28105
050US31039,31039
050US13193,13193
050US16001,16001
050US26087,26087
050US26091,26091
050US21127,21127
050US13293,13293
050US17133,17133
050US47043,47043
050US54097,54097
050US45023,45023
050US50007,50007
050US31113,31113
050US42009,42009
050US18079,18079
050US17181,17181
050US17191,17191
050US17195,17195
050US42053,42053
050US48149,48149
050US48155,48155
050US48183,48183
050US50011,50011
050US26005,26005
050US18093,18093
050US05047,5047
050US13055,13055
050US05137,5137
050US08061,8061
050US08075,8075
050US48189,48189
050US40007,40007
050US13321,13321
050US17109,17109
050US17113,17113
050US26025,26025
050US13101,13101
050US17099,17099
050US17103,17103
050US17105,17105
050US51197,51197
050US37179,37179
050US17123,17123
050US13109,13109
050US48397,48397
050US18155,18155
050US37025,37025
050US37035,37035
050US13211,13211
050US40105,40105
050US40111,40111
050US26031,26031
050US54089,54089
050US51115,51115
050US51169,51169
050US17083,17083
050US39071,39071
050US39079,39079
050US48267,48267
050US28117,28117
050US28125,28125
050US29135,29135
050US48271,48271
050US51650,51650
050US37143,37143
050US29221,29221
050US39069,39069
050US29075,29075
050US29079,29079
050US29165,29165
050US17111,17111
050US30107,30107
050US46047,46047
050US37191,37191
050US38001,38001
050US29225,29225
050US36085,36085
050US28059,28059
050US29093,29093
050US56037,56037
050US54079,54079
050US39089,39089
050US45085,45085
050US46007,46007
050US18089,18089
050US18107,18107
050US18161,18161
050US19021,19021
050US36117,36117
050US48177,48177
050US48191,48191
050US48219,48219
050US12005,12005
050US48257,48257
050US31021,31021
050US36011,36011
050US31141,31141
050US31145,31145
050US31149,31149
050US48247,48247
050US48021,48021
050US29111,29111
050US53001,53001
050US53063,53063
050US40153,40153
050US17139,17139
050US55091,55091
050US37033,37033
050US37185,37185
050US37187,37187
050US33005,33005
050US35001,35001
050US28107,28107
050US36027,36027
050US17193,17193
050US18047,18047
050US02185,2185
050US05111,5111
050US38015,38015
050US29025,29025
050US29091,29091
050US20191,20191
050US21039,21039
050US48197,48197
050US31067,31067
050US31077,31077
050US46065,46065
050US54051,54051
050US31097,31097
050US20145,20145
050US26123,26123
050US31127,31127
050US37109,37109
050US37197,37197
050US31083,31083
050US31093,31093
050US55071,55071
050US42113,42113
050US48209,48209
050US48233,48233
050US48307,48307
050US31173,31173
050US31175,31175
050US35006,35006
050US35009,35009
050US31131,31131
050US31139,31139
050US48123,48123
050US48125,48125
050US51680,51680
050US51683,51683
050US13005,13005
050US13045,13045
050US21163,21163
050US21191,21191
050US39051,39051
050US30065,30065
050US35013,35013
050US55083,55083
050US48077,48077
050US48081,48081
050US40099,40099
050US13087,13087
050US27155,27155
050US27159,27159
050US27169,27169
050US36049,36049
050US39059,39059
050US05027,5027
050US48087,48087
050US48235,48235
050US48243,48243
050US48249,48249
050US29181,29181
050US31013,31013
050US48281,48281
050US48291,48291
050US41009,41009
050US28065,28065
050US28069,28069
050US29107,29107
050US13061,13061
050US28039,28039
050US37081,37081
050US37119,37119
050US37171,37171
050US28005,28005
050US28113,28113
050US17025,17025
050US55049,55049
050US48253,48253
050US51550,51550
050US46129,46129
050US51065,51065
050US51520,51520
050US28063,28063
050US28127,28127
050US17049,17049
050US01007,1007
050US30097,30097
050US01019,1019
050US28015,28015
050US55031,55031
050US01085,1085
050US55101,55101
050US28135,28135
050US28145,28145
050US55129,55129
050US46051,46051
050US41057,41057
050US46045,46045
050US20081,20081
050US20093,20093
050US46043,46043
050US29053,29053
050US30103,30103
050US35028,35028
050US28019,28019
050US37181,37181
050US28073,28073
050US46057,46057
050US55135,55135
050US28025,28025
050US48085,48085
050US48095,48095
050US48111,48111
050US48115,48115
050US36021,36021
050US30109,30109
050US29131,29131
050US28155,28155
050US29039,29039
050US48047,48047
050US48105,48105
050US28031,28031
050US28035,28035
050US05125,5125
050US21143,21143
050US39081,39081
050US37005,37005
050US34039,34039
050US29051,29051
050US21219,21219
050US22049,22049
050US06049,6049
050US06087,6087
050US17033,17033
050US40119,40119
050US29147,29147
050US29151,29151
050US46091,46091
050US35027,35027
050US35053,35053
050US39031,39031
050US39033,39033
050US21073,21073
050US28099,28099
050US28147,28147
050US51750,51750
050US40123,40123
050US27059,27059
050US37041,37041
050US39037,39037
050US26105,26105
050US48439,48439
050US16055,16055
050US39057,39057
050US39065,39065
050US29185,29185
050US21047,21047
050US21081,21081
050US46103,46103
050US37061,37061
050US01045,1045
050US31159,31159
050US31165,31165
050US31111,31111
050US31115,31115
050US56011,56011
050US56017,56017
050US56023,56023
050US56027,56027
050US12063,12063
050US27055,27055
050US01105,1105
050US02122,2122
050US25023,25023
050US46061,46061
050US47095,47095
050US47099,47099
050US56007,56007
050US55093,55093
050US55097,55097
050US38039,38039
050US46115,46115
050US18049,18049
050US18057,18057
050US18077,18077
050US18127,18127
050US38029,38029
050US38057,38057
050US12101,12101
050US47179,47179
050US20163,20163
050US39023,39023
050US39139,39139
050US30017,30017
050US40129,40129
050US40149,40149
050US27085,27085
050US31179,31179
050US31183,31183
050US32017,32017
050US32021,32021
050US32027,32027
050US37003,37003
050US35005,35005
050US30021,30021
050US49031,49031
050US18019,18019
050US38043,38043
050US29083,29083
050US39041,39041
050US46037,46037
050US47061,47061
050US47069,47069
050US47071,47071
050US29097,29097
050US32029,32029
050US39027,39027
050US21091,21091
050US12081,12081
050US41037,41037
050US48121,48121
050US48133,48133
050US48269,48269
050US48327,48327
050US28101,28101
050US29117,29117
050US29121,29121
050US46027,46027
050US17055,17055
050US16081,16081
050US05079,5079
050US20201,20201
050US20205,20205
050US48447,48447
050US29139,29139
050US47103,47103
050US31121,31121
050US31125,31125
050US46135,46135
050US05127,5127
050US13199,13199
050US21211,21211
050US40091,40091
050US19037,19037
050US55141,55141
050US30079,30079
050US38019,38019
050US38021,38021
050US47027,47027
050US47047,47047
050US55027,55027
050US21015,21015
050US21087,21087
050US20167,20167
050US27035,27035
050US18033,18033
050US18039,18039
050US36015,36015
050US48305,48305
050US13091,13091
050US46033,46033
050US36109,36109
050US40085,40085
050US37071,37071
050US21019,21019
050US12011,12011
050US13119,13119
050US19149,19149
050US47023,47023
050US08007,8007
050US38083,38083
050US20127,20127
050US20129,20129
050US20133,20133
050US17013,17013
050US12015,12015
050US27017,27017
050US31163,31163
050US29141,29141
050US29145,29145
050US46031,46031
050US36039,36039
050US47083,47083
050US55133,55133
050US21009,21009
050US29205,29205
050US29211,29211
050US48331,48331
050US48363,48363
050US36041,36041
050US36093,36093
050US28077,28077
050US22089,22089
050US22093,22093
050US20187,20187
050US23009,23009
050US27049,27049
050US13129,13129
050US29007,29007
050US42015,42015
050US46029,46029
050US28097,28097
050US38009,38009
050US38011,38011
050US29215,29215
050US29219,29219
050US18045,18045
050US27065,27065
050US21035,21035
050US21053,21053
050US28111,28111
050US29045,29045
050US29073,29073
050US54077,54077
050US35041,35041
050US44005,44005
050US37073,37073
050US38013,38013
050US19051,19051
050US05035,5035
050US51760,51760
050US53023,53023
050US20003,20003
050US20047,20047
050US20119,20119
050US20157,20157
050US50015,50015
050US40059,40059
050US31063,31063
050US41029,41029
050US16011,16011
050US38069,38069
050US39005,39005
050US17095,17095
050US21157,21157
050US40139,40139
050US48137,48137
050US48217,48217
050US48299,48299
050US18011,18011
050US20121,20121
050US31143,31143
050US32005,32005
050US31087,31087
050US31117,31117
050US42109,42109
050US23005,23005
050US17035,17035
050US17039,17039
050US20041,20041
050US20137,20137
050US42025,42025
050US20179,20179
050US26151,26151
050US17079,17079
050US51021,51021
050US40109,40109
050US40083,40083
050US40137,40137
050US29123,29123
050US29187,29187
050US41041,41041
050US17155,17155
050US18023,18023
050US18063,18063
050US18145,18145
050US26161,26161
050US38041,38041
050US40063,40063
050US35023,35023
050US37157,37157
050US37195,37195
050US31181,31181
050US37151,37151
050US17101,17101
050US12003,12003
050US53003,53003
050US19011,19011
050US31007,31007
050US40025,40025
050US40147,40147
050US41053,41053
050US51840,51840
050US13175,13175
050US08123,8123
050US27009,27009
050US27057,27057
050US26069,26069
050US18135,18135
050US31027,31027
050US31043,31043
050US55045,55045
050US46025,46025
050US17117,17117
050US56009,56009
050US42077,42077
050US49053,49053
050US18153,18153
050US19123,19123
050US21117,21117
050US29186,29186
050US31099,31099
050US21105,21105
050US13247,13247
050US17077,17077
050US18183,18183
050US27007,27007
050US19015,19015
050US31045,31045
050US29229,29229
050US30041,30041
050US31005,31005
050US12043,12043
050US39015,39015
050US35025,35025
050US38031,38031
050US13147,13147
050US05097,5097
050US06105,6105
050US08107,8107
050US12103,12103
050US13017,13017
050US51183,51183
050US13071,13071
050US41063,41063
050US39029,39029
050US48027,48027
050US19065,19065
050US19093,19093
050US13033,13033
050US48375,48375
050US48461,48461
050US48495,48495
050US19119,19119
050US17087,17087
050US51590,51590
050US27079,27079
050US42087,42087
050US20007,20007
050US20117,20117
050US19121,19121
050US19151,19151
050US19179,19179
050US27039,27039
050US27063,27063
050US48415,48415
050US27111,27111
050US27165,27165
050US19107,19107
050US20207,20207
050US21061,21061
050US38079,38079
050US48193,48193
050US48433,48433
050US48505,48505
050US13297,13297
050US15005,15005
050US19033,19033
050US17201,17201
050US19059,19059
050US19183,19183
050US20075,20075
050US01011,1011
050US39113,39113
050US18167,18167
050US37067,37067
050US19063,19063
050US27115,27115
050US13231,13231
050US26021,26021
050US39141,39141
050US51820,51820
050US48059,48059
050US55033,55033
050US28045,28045
050US27143,27143
050US20039,20039
050US27105,27105
050US19177,19177
050US20011,20011
050US55087,55087
050US39063,39063
050US39149,39149
050US28079,28079
050US29155,29155
050US54053,54053
050US27149,27149
050US36023,36023
050US01003,1003
050US01109,1109
050US04015,4015
050US05091,5091
050US55017,55017
050US55019,55019
050US38047,38047
050US38049,38049
050US47171,47171
050US26059,26059
050US28139,28139
050US26029,26029
050US26111,26111
050US35059,35059
050US39085,39085
050US35031,35031
050US41071,41071
050US27025,27025
050US12085,12085
050US40029,40029
050US28009,28009
050US33011,33011
050US36001,36001
050US23029,23029
050US50023,50023
050US01127,1127
050US02164,2164
050US29059,29059
050US29063,29063
050US36007,36007
050US28131,28131
050US29049,29049
050US48099,48099
050US22027,22027
050US24037,24037
050US26047,26047
050US29217,29217
050US04019,4019
050US56043,56043
050US20005,20005
050US46013,46013
050US46017,46017
050US31049,31049
050US55109,55109
050US55137,55137
050US56025,56025
050US40049,40049
050US51800,51800
050US17045,17045
050US50001,50001
050US47007,47007
050US26113,26113
050US26129,26129
050US36037,36037
050US50013,50013
050US38073,38073
050US46069,46069
050US56021,56021
050US31185,31185
050US33019,33019
050US19193,19193
050US55115,55115
050US51035,51035
050US01031,1031
050US01123,1123
050US35049,35049
050US47011,47011
050US31107,31107
050US21233,21233
050US53069,53069
050US55095,55095
050US55125,55125
050US41013,41013
050US36005,36005
050US36055,36055
050US48319,48319
050US48359,48359
050US48425,48425
050US51670,51670
050US54029,54029
050US28119,28119
050US55053,55053
050US19039,19039
050US12091,12091
050US36035,36035
050US39109,39109
050US31085,31085
050US31147,31147
050US51530,51530
050US28057,28057
050US29037,29037
050US47051,47051
050US16017,16017
050US20099,20099
050US31017,31017
050US40015,40015
050US19091,19091
050US29209,29209
050US28081,28081
050US55047,55047
050US55055,55055
050US05087,5087
050US08087,8087
050US39093,39093
050US46053,46053
050US46102,46102
050US48393,48393
050US36089,36089
050US38025,38025
050US35035,35035
050US06029,6029
050US06071,6071
050US08063,8063
050US54009,54009
050US31135,31135
050US17001,17001
050US51071,51071
050US32019,32019
050US48013,48013
050US48023,48023
050US48033,48033
050US48071,48071
050US55041,55041
050US39045,39045
050US05033,5033
050US29163,29163
050US36083,36083
050US54105,54105
050US48019,48019
050US51770,51770
050US51775,51775
050US13275,13275
050US31079,31079
050US08045,8045
050US02198,2198
050US13227,13227
050US48181,48181
050US48195,48195
050US48211,48211
050US48295,48295
050US51620,51620
050US55103,55103
050US55065,55065
050US13281,13281
050US47137,47137
050US46083,46083
050US31129,31129
050US31157,31157
050US48297,48297
050US46081,46081
050US31001,31001
050US55078,55078
050US51710,51710
050US51735,51735
050US29169,29169
050US20103,20103
050US51660,51660
050US38063,38063
050US38081,38081
050US31019,31019
050US31011,31011
050US31015,31015
050US29175,29175
050US30025,30025
050US48101,48101
050US48259,48259
050US48463,48463
050US19145,19145
050US31101,31101
050US55013,55013
050US36003,36003
050US29065,29065
050US55009,55009
050US47017,47017
050US51640,51640
050US55061,55061
050US20197,20197
050US51700,51700
050US55063,55063
050US50021,50021
050US46019,46019
050US48325,48325
050US48329,48329
050US48335,48335
050US51077,51077
050US08025,8025
050US55131,55131
050US34017,34017
050US17037,17037
050US29153,29153
050US30011,30011
050US31069,31069
050US12017,12017
050US20161,20161
050US21059,21059
050US39173,39173
050US17093,17093
050US17127,17127
050US39087,39087
050US35043,35043
050US37045,37045
050US55035,55035
050US55099,55099
050US31057,31057
050US31075,31075
050US31105,31105
050US28061,28061
050US17119,17119
050US21121,21121
050US21177,21177
050US54103,54103
050US55107,55107
050US48443,48443
050US48491,48491
050US51009,51009
050US51047,51047
050US39145,39145
050US40003,40003
050US46119,46119
050US19031,19031
050US20019,20019
050US20079,20079
050US20107,20107
050US46101,46101
050US55117,55117
050US55139,55139
050US05081,5081
050US12083,12083
050US13127,13127
050US29115,29115
050US51119,51119
050US51139,51139
050US51730,51730
050US37129,37129
050US37167,37167
050US38077,38077
050US45079,45079
050US06017,6017
050US12125,12125
050US19085,19085
050US47015,47015
050US48159,48159
050US32007,32007
050US17163,17163
050US30111,30111
050US31025,31025
050US22019,22019
050US47141,47141
050US47175,47175
050US48039,48039
050US48223,48223
050US48321,48321
050US48387,48387
050US46137,46137
050US47059,47059
050US01099,1099
050US42129,42129
050US48003,48003
050US48265,48265
050US48293,48293
050US48437,48437
050US06067,6067
050US17143,17143
050US01079,1079
050US19069,19069
050US16067,16067
050US42057,42057
050US27037,27037
050US05139,5139
050US27051,27051
050US48075,48075
050US45031,45031
050US17169,17169
050US17171,17171
050US54091,54091
050US13173,13173
050US48237,48237
050US20035,20035
050US13131,13131
050US20155,20155
050US12117,12117
050US13013,13013
050US45049,45049
050US48063,48063
050US16077,16077
050US49015,49015
050US02105,2105
050US22039,22039
050US51097,51097
050US06007,6007
050US13241,13241
050US01025,1025
050US08067,8067
050US13263,13263
050US21037,21037
050US16047,16047
050US48255,48255
050US47111,47111
050US48153,48153
050US48169,48169
050US17199,17199
050US46021,46021
050US28093,28093
050US29089,29089
050US36101,36101
050US37063,37063
050US35029,35029
050US29003,29003
050US29015,29015
050US51690,51690
050US19129,19129
050US21023,21023
050US37135,37135
050US38091,38091
050US08095,8095
050US48207,48207
050US54075,54075
050US25015,25015
050US21115,21115
050US39161,39161
050US29043,29043
050US13097,13097
050US13155,13155
050US38075,38075
050US38093,38093
050US39003,39003
050US39021,39021
050US01081,1081
050US26127,26127
050US26145,26145
050US49039,49039
050US50005,50005
050US51167,51167
050US51595,51595
050US51678,51678
050US41069,41069
050US42085,42085
050US22061,22061
050US28027,28027
050US51061,51061
050US55029,55029
050US21095,21095
050US47079,47079
050US42125,42125
050US06015,6015
050US16003,16003
050US21107,21107
050US16049,16049
050US36063,36063
050US51117,51117
050US13153,13153
050US23001,23001
050US21185,21185
050US27047,27047
050US28003,28003
050US28123,28123
050US42039,42039
050US18025,18025
050US21161,21161
050US27003,27003
050US31155,31155
050US45075,45075
050US48201,48201
050US39011,39011
050US20115,20115
050US20165,20165
050US26107,26107
050US40051,40051
050US40077,40077
050US18081,18081
050US29103,29103
050US29127,29127
050US29161,29161
050US39049,39049
050US22007,22007
050US05059,5059
050US05143,5143
050US40011,40011
050US29179,29179
050US40097,40097
050US26049,26049
050US21057,21057
050US39111,39111
050US46105,46105
050US42093,42093
050US08057,8057
050US33009,33009
050US39101,39101
050US30063,30063
050US36111,36111
050US23017,23017
050US45013,45013
050US34011,34011
050US48345,48345
050US25027,25027
050US47187,47187
050US04025,4025
050US08079,8079
050US41067,41067
050US18013,18013
050US26081,26081
050US26085,26085
050US55081,55081
050US21149,21149
050US29071,29071
050US29213,29213
050US30091,30091
050US19155,19155
050US18087,18087
050US18113,18113
050US29101,29101
050US18151,18151
050US26157,26157
050US29129,29129
050US36087,36087
050US47067,47067
050US47033,47033
050US47159,47159
050US48073,48073
050US30047,30047
050US31059,31059
050US22013,22013
050US22085,22085
050US24013,24013
050US26109,26109
050US04027,4027
050US13105,13105
050US21223,21223
050US31061,31061
050US47077,47077
050US48031,48031
050US16057,16057
050US37011,37011
050US21225,21225
050US48501,48501
050US37077,37077
050US13163,13163
050US13221,13221
050US24041,24041
050US26083,26083
050US16005,16005
050US49013,49013
050US51001,51001
050US51109,51109
050US51163,51163
050US53017,53017
050US05075,5075
050US05131,5131
050US06065,6065
050US01069,1069
050US01121,1121
050US04012,4012
050US13039,13039
050US40087,40087
050US27027,27027
050US27113,27113
050US29099,29099
050US48117,48117
050US48147,48147
050US17065,17065
050US45033,45033
050US31073,31073
050US39075,39075
050US48171,48171
050US55079,55079
050US26139,26139
