HEROP_ID,NoIntP
050US21007,20.49
050US21017,22.81
050US21031,28.62
050US21065,28.73
050US21069,23.93
050US21093,15.16
050US21099,27.49
050US21131,27.09
050US21151,15.74
050US21155,22.75
050US21179,13.97
050US17091,18.73
050US17187,13.6
050US17197,8.88
050US18027,28.56
050US18061,25.9
050US01001,17.21
050US01005,32.61
050US01023,32.6
050US01035,44.1
050US01051,15.85
050US01055,19.48
050US01065,33.84
050US01089,10.61
050US01113,23.37
050US01117,9.26
050US02016,18.2
050US02130,10.93
050US02180,22.82
050US02282,26.94
050US05011,27.47
050US05015,24.96
050US05019,25.44
050US05025,34.69
050US05063,28.31
050US05067,29.71
050US05121,25.51
050US06001,8.77
050US06003,10.0
050US06005,11.61
050US06013,6.62
050US06019,16.79
050US06023,13.67
050US06033,20.87
050US06037,12.56
050US06047,13.42
050US06057,11.45
050US06081,7.18
050US06085,6.03
050US06115,13.86
050US08013,6.14
050US08029,21.58
050US08049,10.04
050US08077,11.48
050US08083,24.27
050US08091,9.25
050US09009,13.49
050US11001,14.06
050US12009,10.08
050US12023,17.18
050US12039,36.6
050US12055,21.95
050US12065,23.03
050US12073,8.82
050US12095,10.34
050US12107,23.7
050US12123,24.73
050US12127,16.47
050US12131,13.89
050US12133,21.74
050US13009,20.97
050US13027,26.22
050US13103,14.96
050US13121,9.75
050US13141,47.04
050US13149,27.19
050US13179,11.16
050US13183,13.89
050US13189,31.96
050US13209,22.05
050US13229,30.66
050US13267,24.56
050US13271,59.55
050US13291,19.76
050US13305,20.98
050US13319,34.03
050US15007,12.27
050US16015,15.23
050US16023,15.2
050US16025,23.35
050US16027,14.33
050US16037,18.32
050US16039,14.77
050US16043,15.57
050US16061,29.28
050US16063,23.9
050US16085,8.25
050US19175,18.1
050US20053,19.97
050US20095,19.76
050US20135,20.17
050US20199,18.08
050US48011,15.85
050US48025,34.56
050US48035,20.48
050US48053,18.46
050US48055,25.46
050US48083,20.89
050US29057,23.96
050US29143,25.76
050US29157,18.35
050US29189,10.72
050US29199,21.49
050US29207,23.12
050US30015,25.33
050US30023,24.24
050US30029,12.89
050US30039,18.35
050US30057,16.33
050US30071,25.09
050US30077,21.06
050US30085,31.65
050US30087,25.77
050US30105,16.98
050US31091,27.99
050US53065,21.23
050US21189,34.51
050US21195,24.3
050US21217,21.22
050US21237,35.92
050US21239,13.61
050US22001,20.98
050US22009,27.03
050US22011,20.27
050US22029,31.88
050US22031,25.82
050US22033,12.75
050US22047,22.76
050US22071,23.48
050US22081,29.95
050US22099,21.3
050US22119,47.39
050US23013,10.63
050US23015,14.93
050US24003,7.11
050US18103,19.05
050US18129,17.59
050US18147,24.7
050US19001,22.91
050US19045,19.61
050US19083,22.2
050US19111,20.54
050US31167,14.72
050US34003,8.73
050US34007,13.88
050US34013,16.23
050US34023,9.4
050US34041,11.24
050US35007,29.51
050US35011,28.42
050US35051,33.99
050US36013,18.6
050US36029,15.39
050US36043,16.33
050US36045,13.53
050US36047,17.28
050US36053,14.18
050US36065,15.88
050US36077,16.89
050US36081,14.19
050US36091,8.1
050US36115,16.92
050US37007,22.92
050US37027,19.22
050US37039,21.1
050US37049,16.44
050US37055,7.35
050US37059,14.29
050US37069,19.21
050US37083,34.47
050US37091,31.87
050US37093,17.23
050US37099,21.52
050US37111,23.57
050US37117,25.5
050US37127,21.03
050US37165,34.99
050US37175,16.36
050US37199,26.96
050US38017,9.37
050US38037,25.23
050US38085,38.04
050US38099,27.99
050US39035,17.99
050US39039,16.09
050US39043,14.5
050US39125,20.19
050US40065,14.11
050US48103,32.72
050US48141,17.57
050US48151,26.42
050US48161,29.14
050US48167,11.24
050US48199,15.61
050US48213,21.82
050US48229,38.55
050US48241,28.68
050US48245,25.18
050US48261,51.78
050US48289,23.76
050US48317,29.34
050US48333,26.37
050US48347,17.51
050US48361,16.02
050US48371,30.46
050US48395,23.48
050US48423,16.32
050US48427,38.86
050US48457,25.42
050US48471,16.43
050US48475,22.83
050US48477,24.27
050US48499,18.55
050US49001,21.56
050US49003,10.27
050US49011,5.98
050US40073,22.14
050US40079,28.52
050US40145,11.13
050US41005,8.59
050US41021,20.43
050US41033,14.32
050US41035,16.65
050US41039,10.43
050US41043,13.09
050US41051,9.2
050US41055,15.64
050US41061,14.98
050US42005,20.89
050US42029,8.87
050US42035,19.18
050US42059,18.3
050US42067,23.77
050US42091,8.41
050US42111,25.05
050US45005,34.92
050US45019,13.57
050US45025,27.07
050US45043,20.58
050US45063,14.04
050US45077,18.89
050US45091,9.82
050US46073,20.96
050US46093,14.39
050US46095,51.89
050US46123,18.42
050US47001,17.0
050US47003,19.53
050US47005,30.64
050US47019,27.97
050US47029,29.69
050US47049,28.21
050US47063,19.69
050US47073,25.62
050US47081,32.11
050US47097,25.24
050US47121,28.13
050US47149,8.89
050US47173,28.97
050US48007,15.49
050US25001,9.23
050US25013,16.86
050US25025,12.49
050US26033,17.25
050US26053,23.61
050US26063,22.07
050US26097,19.93
050US26115,14.43
050US13283,33.98
050US13289,38.44
050US13313,17.79
050US13317,46.72
050US15001,17.54
050US15009,12.15
050US16059,19.6
050US16073,21.48
050US16083,13.48
050US16087,22.45
050US17027,19.52
050US17031,14.65
050US17047,16.8
050US49029,3.54
050US49035,7.42
050US49043,5.06
050US49049,4.39
050US51015,20.29
050US51037,34.22
050US51051,32.12
050US51053,23.57
050US51069,13.7
050US51073,11.67
050US51085,11.45
050US51099,7.54
050US51125,26.66
050US51131,22.96
050US51137,16.58
050US51145,8.27
050US51149,12.24
050US51161,13.84
050US51177,8.16
050US51185,23.77
050US51199,6.89
050US53005,9.72
050US53007,15.89
050US53009,12.69
050US53015,13.93
050US53025,14.19
050US53031,10.03
050US53037,9.97
050US53043,14.06
050US12077,28.51
050US05061,27.95
050US05093,20.9
050US05095,40.2
050US05099,34.35
050US05103,29.56
050US05109,29.7
050US05117,34.85
050US05133,20.88
050US05147,45.12
050US06045,15.83
050US06051,12.74
050US24011,17.0
050US24033,10.04
050US24043,18.55
050US25007,12.65
050US25017,8.39
050US26041,21.07
050US26099,11.68
050US26103,13.75
050US26135,30.77
050US26147,14.51
050US26163,18.96
050US27023,19.83
050US27053,9.24
050US27077,24.9
050US27091,17.8
050US27129,24.34
050US27139,6.72
050US27163,6.72
050US28007,27.63
050US28033,11.1
050US28055,57.76
050US28075,23.32
050US28143,25.78
050US28157,45.93
050US28163,30.59
050US29023,24.75
050US29029,18.05
050US29031,14.42
050US29033,25.75
050US17075,18.17
050US17129,14.28
050US17161,15.41
050US17175,20.86
050US17185,17.83
050US18009,19.48
050US18035,16.91
050US18067,16.28
050US18083,18.6
050US18159,15.72
050US18175,28.15
050US49025,12.6
050US05003,34.24
050US05007,14.58
050US05013,31.14
050US05045,14.11
050US13051,12.03
050US13077,11.39
050US13123,20.41
050US13133,24.51
050US13137,24.74
050US13139,12.25
050US13143,21.31
050US13157,17.58
050US13171,24.1
050US13181,41.78
050US13185,22.08
050US13195,22.7
050US13213,20.38
050US13217,11.36
050US13237,20.44
050US13245,19.7
050US13251,26.25
050US13269,34.67
050US13279,25.39
050US23023,13.07
050US23031,11.16
050US24001,21.0
050US24005,10.44
050US24017,10.96
050US24021,8.57
050US24031,5.76
050US24045,15.94
050US28149,20.82
050US28151,33.14
050US29041,25.09
050US29069,22.94
050US29087,26.51
050US29113,15.84
050US29159,19.66
050US29183,8.09
050US29195,18.21
050US29197,33.9
050US29201,20.23
050US30001,17.61
050US30013,20.23
050US30027,17.67
050US30031,8.94
050US30045,18.54
050US30049,14.05
050US30055,22.96
050US30059,28.06
050US30069,14.22
050US30073,22.21
050US30083,19.18
050US30099,20.58
050US31103,17.43
050US31151,18.25
050US32001,11.6
050US32003,13.49
050US32015,12.51
050US33007,17.65
050US33015,6.63
050US33017,10.51
050US34001,13.76
050US34005,9.18
050US34015,9.87
050US34019,7.53
050US34021,13.39
050US34025,8.73
050US34029,14.65
050US34035,5.76
050US21229,24.06
050US21231,34.94
050US22035,55.33
050US22045,20.69
050US22053,28.37
050US22055,12.85
050US06055,8.54
050US06059,7.16
050US06069,8.05
050US06073,7.86
050US06079,9.2
050US06083,9.19
050US06097,7.89
050US06101,14.78
050US06107,19.18
050US06113,8.95
050US08019,11.01
050US08023,28.64
050US08031,9.99
050US08037,6.67
050US08055,27.63
050US01049,25.1
050US01063,48.12
050US01087,32.53
050US01091,34.14
050US01095,17.86
050US01101,16.91
050US01107,31.3
050US01115,17.39
050US01119,34.64
050US01131,40.61
050US02090,10.79
050US02158,33.35
050US02240,23.41
050US04005,17.93
050US04009,21.58
050US04013,10.7
050US54001,26.49
050US54005,20.38
050US54021,25.78
050US54039,18.01
050US54045,18.15
050US54047,28.47
050US54063,29.28
050US54067,18.94
050US54087,28.43
050US54107,16.93
050US55003,24.22
050US55043,17.84
050US55113,20.14
050US56029,10.59
050US12086,18.58
050US12093,31.54
050US12097,13.28
050US13021,21.19
050US13029,11.5
050US39137,14.47
050US39175,18.48
050US40013,23.17
050US40027,9.48
050US40057,18.96
050US40067,29.52
050US40075,25.32
050US40095,31.46
050US40125,18.74
050US40135,25.02
050US40143,13.11
050US27011,20.23
050US27013,10.5
050US27031,14.31
050US27061,18.14
050US27073,17.48
050US27075,15.64
050US27089,16.12
050US27097,20.83
050US27127,23.65
050US27161,15.38
050US27171,9.69
050US28001,25.23
050US28011,37.37
050US28029,39.14
050US28043,29.82
050US28083,47.29
050US28087,18.93
050US28103,37.56
050US28121,14.13
050US35015,17.91
050US35039,40.15
050US35045,28.82
050US35055,28.84
050US36025,19.9
050US36031,16.12
050US36103,8.66
050US36105,16.67
050US36119,10.41
050US36123,22.48
050US37009,26.08
050US37013,27.58
050US37017,26.72
050US37023,25.55
050US37037,14.81
050US37043,20.66
050US37053,11.67
050US37057,18.2
050US37065,32.21
050US37075,36.19
050US37085,16.57
050US37089,14.76
050US37095,36.83
050US37103,36.14
050US37115,22.92
050US37123,27.01
050US28141,27.3
050US42099,18.27
050US42103,10.87
050US42127,16.67
050US42133,14.94
050US48411,20.32
050US48429,19.96
050US48449,23.81
050US48453,8.55
050US48455,30.53
050US48467,22.75
050US48473,26.16
050US48479,29.14
050US49033,5.04
050US49045,7.55
050US49047,12.89
050US49051,7.12
050US50017,16.66
050US50027,12.17
050US51007,25.51
050US51017,29.76
050US51019,20.46
050US51023,16.56
050US51033,22.74
050US51036,30.8
050US51041,7.72
050US51057,33.11
050US51067,22.73
050US51083,37.48
050US51091,20.59
050US51095,8.11
050US51107,3.53
050US51111,38.76
050US51127,15.79
050US51133,19.47
050US51143,24.04
050US51159,30.95
050US51165,19.31
050US51175,21.58
050US51179,4.42
050US51187,13.43
050US53047,19.89
050US53049,15.44
050US53053,9.36
050US53061,6.63
050US53071,11.23
050US53073,9.61
050US54013,26.68
050US54017,26.41
050US54019,24.8
050US54023,26.96
050US54027,26.53
050US54033,18.26
050US54037,10.5
050US54043,23.21
050US54065,19.25
050US54071,34.12
050US54081,20.26
050US54093,21.67
050US54095,26.01
050US37133,9.91
050US37137,23.32
050US37149,17.1
050US37153,25.76
050US37161,25.45
050US37163,31.46
050US37177,34.25
050US38005,31.85
050US38033,23.63
050US38053,9.9
050US38059,14.21
050US38067,26.28
050US38071,20.92
050US22067,41.83
050US22069,35.83
050US22079,19.17
050US22097,31.68
050US22107,46.32
050US22113,17.45
050US22117,30.7
050US22123,50.34
050US23007,17.69
050US08065,16.8
050US08071,23.61
050US08093,13.98
050US08105,30.19
050US08113,9.09
050US09001,9.01
050US09007,10.63
050US09011,11.06
050US10005,16.53
050US12033,13.55
050US12037,18.56
050US12041,28.16
050US12047,31.0
050US12053,12.52
050US12071,10.36
050US19009,19.21
050US19027,16.5
050US19075,14.68
050US19113,11.54
050US19147,20.31
050US19195,18.0
050US20069,17.2
050US20143,23.39
050US20181,12.26
050US21005,16.38
050US21025,33.61
050US21029,13.55
050US21033,22.74
050US21043,31.14
050US21049,20.01
050US21063,32.86
050US21071,24.81
050US21085,24.4
050US21097,29.8
050US21109,29.32
050US21119,29.37
050US21125,21.84
050US21135,27.09
050US21139,24.84
050US21153,27.85
050US21159,25.79
050US21167,21.05
050US21181,32.38
050US21183,25.92
050US21193,24.41
050US21197,30.71
050US21205,16.36
050US54109,22.93
050US55023,19.93
050US55037,20.69
050US55051,19.05
050US55069,18.97
050US55075,18.1
050US55111,14.09
050US41007,13.72
050US41017,8.76
050US41019,14.95
050US41065,15.88
050US42003,13.46
050US42027,11.05
050US42033,22.64
050US42041,11.88
050US42045,11.49
050US42051,21.97
050US42061,20.28
050US42071,16.21
050US42089,12.69
050US42095,13.75
050US51063,23.63
050US51087,11.89
050US53077,16.04
050US45027,25.2
050US45047,23.67
050US01043,22.02
050US45029,18.39
050US45071,29.01
050US46067,24.66
050US01033,25.21
050US02050,23.44
050US04007,28.89
050US05039,35.7
050US06039,17.0
050US08043,13.03
050US12013,27.59
050US12069,11.25
050US12129,15.33
050US13219,8.0
050US16035,20.06
050US16069,16.71
050US17153,45.78
050US18071,22.91
050US19087,19.19
050US21003,26.9
050US21051,29.41
050US21165,29.61
050US46085,24.05
050US47057,21.52
050US02195,15.59
050US06009,13.32
050US08097,3.19
050US13007,45.05
050US21055,29.63
050US22017,24.55
050US22115,20.37
050US26137,13.79
050US29019,11.01
050US30005,24.77
050US37029,10.5
050US40089,35.99
050US41023,19.08
050US46117,15.77
050US47091,32.41
050US39047,18.94
050US39061,13.19
050US39095,14.69
050US45055,22.21
050US45059,23.19
050US45069,38.05
050US45073,21.21
050US45083,17.65
050US45089,40.28
050US46009,24.17
050US06043,19.78
050US06095,7.58
050US08035,2.49
050US10003,9.43
050US12079,36.01
050US12113,8.24
050US13001,32.77
050US13079,23.5
050US13135,9.55
050US13311,20.62
050US47107,22.71
050US47117,19.71
050US47123,21.43
050US47143,22.94
050US47151,29.13
050US47155,17.8
050US47157,21.2
050US47165,12.41
050US47167,18.3
050US47185,24.56
050US47189,11.08
050US48001,29.0
050US48005,15.05
050US48029,14.52
050US48037,23.97
050US48043,16.41
050US48051,23.94
050US48057,19.24
050US48067,27.95
050US48091,8.74
050US48109,41.03
050US48119,24.56
050US48173,21.84
050US48187,12.04
050US48205,13.83
050US48215,27.1
050US48225,34.44
050US48263,18.68
050US48273,21.22
050US48287,20.28
050US48301,26.67
050US48311,21.85
050US48315,34.15
050US48339,7.9
050US48343,20.83
050US48349,21.56
050US48373,22.13
050US48377,46.28
050US48383,24.54
050US48405,31.9
050US48407,20.76
050US46041,40.22
050US46071,46.74
050US46075,19.85
050US46079,10.6
050US46127,12.66
050US47013,32.29
050US47021,16.79
050US47031,21.63
050US47035,18.25
050US47037,11.35
050US47041,24.99
050US47065,16.59
050US47089,20.15
050US56003,17.12
050US56013,17.92
050US56031,27.1
050US56035,10.69
050US01041,30.51
050US02100,13.21
050US04001,58.59
050US05001,27.89
050US05029,29.93
050US05057,24.41
050US39115,26.0
050US40113,22.83
050US41015,16.89
050US42049,15.69
050US42101,19.15
050US45009,34.16
050US45057,17.08
050US45087,30.55
050US47025,32.17
050US47053,23.2
050US47135,37.19
050US47163,17.76
050US48089,24.59
050US48135,15.61
050US48203,27.53
050US48323,36.31
050US48351,25.4
050US48379,21.02
050US48409,25.24
050US48465,28.45
050US49007,15.86
050US49019,6.25
050US51005,25.71
050US51029,30.05
050US51089,26.6
050US51141,27.11
050US51193,23.3
050US53011,7.2
050US53045,13.11
050US54025,22.12
050US55001,21.43
050US08027,12.74
050US08051,9.42
050US05041,40.83
050US13261,29.3
050US18179,16.22
050US22111,40.48
050US23003,23.8
050US40133,30.28
050US35019,57.23
050US37105,17.14
050US37125,14.91
050US19035,18.39
050US20033,20.91
050US20149,10.93
050US21027,26.45
050US21147,37.08
050US21175,28.04
050US22005,10.65
050US22015,20.23
050US22025,36.98
050US22037,30.05
050US22091,33.63
050US22109,21.79
050US24029,21.82
050US24047,14.13
050US26055,11.09
050US27015,16.0
050US27167,17.85
050US28051,49.71
050US29013,24.87
050US29095,14.43
050US30053,18.97
050US35033,45.01
050US36059,8.01
050US38003,18.64
050US38055,16.73
050US40055,25.51
050US40117,28.27
050US42043,15.09
050US42097,24.07
050US45015,14.21
050US45067,41.38
050US47009,18.64
050US47129,25.17
050US48065,17.83
050US48157,5.87
050US12057,9.91
050US12089,9.57
050US13025,23.58
050US39167,22.32
050US40023,32.52
050US18007,17.05
050US18051,18.61
050US18123,21.93
050US20083,17.86
050US20203,18.09
050US21079,18.07
050US21123,19.46
050US21209,11.63
050US22065,40.66
050US22105,19.45
050US23025,19.58
050US26007,19.24
050US28017,35.78
050US48419,26.49
050US54083,26.52
050US06063,19.12
050US48129,33.93
050US48313,25.39
050US53027,14.32
050US54059,25.51
050US05119,17.35
050US06093,16.92
050US02170,10.41
050US13075,27.46
050US25005,14.39
050US13303,29.64
050US17017,19.81
050US22043,32.51
050US22127,24.68
050US10001,12.73
050US12075,28.53
050US27021,18.41
050US28089,12.81
050US29227,24.45
050US30043,15.1
050US30081,15.28
050US34027,6.68
050US36075,12.64
050US37021,15.08
050US37107,19.93
050US37145,19.07
050US37193,22.0
050US40141,24.47
050US41031,17.11
050US41047,10.75
050US27087,24.82
050US27173,17.54
050US28109,19.2
050US29027,19.76
050US30009,17.88
050US30033,20.55
050US31033,17.38
050US34031,16.79
050US35017,24.96
050US36009,23.43
050US36061,11.53
050US36071,14.07
050US37015,36.95
050US37101,18.44
050US37131,40.19
050US37159,17.04
050US37183,5.91
050US13201,47.32
050US13265,45.7
050US44009,8.15
050US45003,18.25
050US45007,18.28
050US45017,26.77
050US45035,14.02
050US45041,23.59
050US45045,14.3
050US45051,11.77
050US30007,21.53
050US30093,18.4
050US37051,12.77
050US37139,18.58
050US45061,38.58
050US46055,28.35
050US47045,20.17
050US47127,27.16
050US51081,31.26
050US51105,36.04
050US51195,23.14
050US54007,29.29
050US54099,28.19
050US42031,18.72
050US01009,23.9
050US01047,27.08
050US05073,34.2
050US06027,16.01
050US06053,13.66
050US06099,13.24
050US08111,15.57
050US12045,23.26
050US12105,18.01
050US12121,19.06
050US16041,10.03
050US16079,22.61
050US18021,20.27
050US48175,27.87
050US48503,19.15
050US51113,24.35
050US53033,6.06
050US53057,9.75
050US06091,21.3
050US18125,28.93
050US26003,20.29
050US27103,12.29
050US01039,26.27
050US01061,28.13
050US01075,33.62
050US04011,16.35
050US01013,31.0
050US01015,21.22
050US21235,30.88
050US22057,20.35
050US24023,19.73
050US26013,21.73
050US26071,25.28
050US47145,21.88
050US47183,26.77
050US48041,10.15
050US48079,29.36
050US48341,13.69
050US49005,6.85
050US49023,17.35
050US51103,24.1
050US51157,20.77
050US53019,28.79
050US53075,9.36
050US55011,16.68
050US56033,15.25
050US56039,8.01
050US05085,16.63
050US06089,15.51
050US08005,7.55
050US08033,31.23
050US01073,16.87
050US01129,30.87
050US02290,52.96
050US42131,14.31
050US45021,28.3
050US27137,16.42
050US28021,32.98
050US28053,32.74
050US28137,23.98
050US30003,28.35
050US30035,30.65
050US30061,31.08
050US30089,25.97
050US31009,9.39
050US32033,20.71
050US34009,12.55
050US36017,16.58
050US37019,11.97
050US37047,29.19
050US37079,22.93
050US37147,14.02
050US37173,33.97
050US45065,24.34
050US46003,22.67
050US47055,23.97
050US47085,26.36
050US05145,20.88
050US13107,27.57
050US16007,13.04
050US47119,14.58
050US47147,14.69
050US48015,22.57
050US48277,28.29
050US48391,28.39
050US48469,22.44
050US49057,9.95
050US51003,11.27
050US51031,21.69
050US51059,4.2
050US51121,8.78
050US51155,23.31
050US53067,8.42
050US54031,17.99
050US54057,18.82
050US54085,24.06
050US55007,14.03
050US55057,19.46
050US55121,19.41
050US41003,6.36
050US42023,24.63
050US42055,16.4
050US44007,15.62
050US21203,29.02
050US05017,34.83
050US13215,17.29
050US13301,48.22
050US16013,11.83
050US16031,12.54
050US17125,18.19
050US24015,12.6
050US24039,22.22
050US17007,12.28
050US18053,19.27
050US20065,20.4
050US21011,22.21
050US21067,9.63
050US21101,20.99
050US21133,25.08
050US22077,25.9
050US22103,11.09
050US08069,6.88
050US12029,35.44
050US27067,15.31
050US27119,15.32
050US20067,18.15
050US21089,17.04
050US26089,12.56
050US26141,22.87
050US32031,11.13
050US38097,14.34
050US47105,17.61
050US13309,58.7
050US17003,41.78
050US17189,18.5
050US19003,19.59
050US19163,15.77
050US20195,12.84
050US21187,30.69
050US22063,13.31
050US22101,24.75
050US08117,10.14
050US12007,26.77
050US13031,17.94
050US39123,14.04
050US40101,23.45
050US27069,17.96
050US27107,25.05
050US27145,12.75
050US28049,19.04
050US29171,27.69
050US30075,10.85
050US32011,15.25
050US34033,16.19
050US36113,13.69
050US37031,12.24
050US37113,21.19
050US38035,12.96
050US39055,16.42
050US46023,27.23
050US47093,13.95
050US01071,25.21
050US13019,31.86
050US48061,29.83
050US48185,23.94
050US48239,24.34
050US06011,17.46
050US16029,10.05
050US01021,27.34
050US01027,26.11
050US01029,31.97
050US04023,22.99
050US01093,29.17
050US05053,21.23
050US01103,20.1
050US01133,29.49
050US02070,22.49
050US02110,6.85
050US02150,13.24
050US02220,13.0
050US02261,17.0
050US48389,34.88
050US49017,14.77
050US51093,18.96
050US51171,21.73
050US53021,12.06
050US53055,8.56
050US05069,33.05
050US05107,32.26
050US06041,6.26
050US06077,14.35
050US08001,12.56
050US01059,33.32
050US01097,21.5
050US48283,42.31
050US48401,28.16
050US48459,17.66
050US49037,42.4
050US51027,32.19
050US51101,21.77
050US51147,28.3
050US51191,21.31
050US54003,12.6
050US54041,26.5
050US42017,9.04
050US05043,24.21
050US05049,27.71
050US02020,7.47
050US04021,12.3
050US13113,7.32
050US13151,7.44
050US13191,21.63
050US23027,15.98
050US24027,4.45
050US05135,29.94
050US09005,10.56
050US09013,8.4
050US12115,10.92
050US05101,34.81
050US05105,30.1
050US05115,21.48
050US05005,18.69
050US05009,16.56
050US08021,28.02
050US08039,6.68
050US08059,7.13
050US01037,27.21
050US08073,17.13
050US08101,19.51
050US08121,16.0
050US08125,19.02
050US05077,39.02
050US01017,28.07
050US05129,31.95
050US13063,14.98
050US13159,23.54
050US06031,16.59
050US06035,18.37
050US06075,9.84
050US08003,20.48
050US08015,14.49
050US13003,31.6
050US12035,12.38
050US12059,22.79
050US12087,11.42
050US12109,7.99
050US12111,11.99
050US05149,26.91
050US06021,24.08
050US06025,19.2
050US06061,7.81
050US06109,14.73
050US13117,5.1
050US13169,18.05
050US13197,34.83
050US17067,22.78
050US17183,20.56
050US13059,13.86
050US13069,28.79
050US13083,21.23
050US17053,17.54
050US13145,12.63
050US13023,26.1
050US13037,32.95
050US13053,19.96
050US17073,18.97
050US17097,8.15
050US17059,28.87
050US17063,11.63
050US13093,36.99
050US16051,9.44
050US16065,4.55
050US13111,14.57
050US13243,23.58
050US13257,25.81
050US17011,17.91
050US17015,16.67
050US18099,24.91
050US18101,25.75
050US13287,36.07
050US13295,19.35
050US15003,10.51
050US16009,21.56
050US18003,13.04
050US17149,23.4
050US17159,17.92
050US17107,18.43
050US17115,18.72
050US17121,18.16
050US17131,15.91
050US17135,21.04
050US17145,21.08
050US13233,21.23
050US13239,38.95
050US18031,19.92
050US18037,16.07
050US18041,25.31
050US18055,25.26
050US18065,20.48
050US18075,21.79
050US18085,15.36
050US18091,18.36
050US18109,14.78
050US16019,8.61
050US16021,20.98
050US16045,16.07
050US17029,16.21
050US18181,16.05
050US19007,25.89
050US19017,13.32
050US19025,16.55
050US18095,17.25
050US18097,17.56
050US17173,24.44
050US17177,18.48
050US16075,14.29
050US17005,19.97
050US19103,8.12
050US19117,20.56
050US19127,19.46
050US19131,16.79
050US20105,23.48
050US20109,17.0
050US20111,14.12
050US20113,14.36
050US19135,19.55
050US19041,15.31
050US18017,20.25
050US20049,25.62
050US20057,19.3
050US18115,21.6
050US18119,24.23
050US18121,30.08
050US20091,5.51
050US20097,22.74
050US20101,10.96
050US19049,8.15
050US18133,17.51
050US18157,9.99
050US18111,15.27
050US17021,19.06
050US19159,21.61
050US19165,18.83
050US20063,20.38
050US20073,30.01
050US20077,22.12
050US20085,17.27
050US19169,7.04
050US19189,18.2
050US20001,22.15
050US20009,17.92
050US20015,15.71
050US20025,23.14
050US20029,20.09
050US20043,24.79
050US40045,25.15
050US48309,16.92
050US48337,25.47
050US48355,16.5
050US51720,19.41
050US51740,17.35
050US18143,28.94
050US18171,15.58
050US18177,20.52
050US19097,18.78
050US19141,16.99
050US19055,16.14
050US19073,14.63
050US19079,19.83
050US40041,26.7
050US46111,15.25
050US51810,7.91
050US20087,15.23
050US20089,23.7
050US46109,21.43
050US46121,52.44
050US53051,21.93
050US53059,17.17
050US54011,21.56
050US23011,14.77
050US24019,20.05
050US38103,17.81
050US30101,17.84
050US31003,19.9
050US48275,21.75
050US31029,15.72
050US24025,9.43
050US24035,9.94
050US25009,11.74
050US26015,16.47
050US38045,20.97
050US38051,26.49
050US38095,31.66
050US38101,10.06
050US25003,13.93
050US25011,14.34
050US25021,7.68
050US26159,18.46
050US26165,21.58
050US40151,19.08
050US42073,18.67
050US42083,19.41
050US48441,20.52
050US48451,17.37
050US55123,23.21
050US47115,25.02
050US47125,10.3
050US51153,4.03
050US46015,20.53
050US46035,14.12
050US46039,18.24
050US46049,23.02
050US51075,13.85
050US45001,26.08
050US48045,21.93
050US51181,29.34
050US29005,19.95
050US29009,24.59
050US39159,9.29
050US31171,9.75
050US48145,32.68
050US36057,19.39
050US36067,14.78
050US39105,28.2
050US27153,23.95
050US27157,15.37
050US28013,31.01
050US26023,18.07
050US37001,18.57
050US55077,19.63
050US29203,34.79
050US29133,27.54
050US29149,35.09
050US31031,18.53
050US31035,16.78
050US31037,21.31
050US38027,21.56
050US13205,28.55
050US13315,40.04
050US16033,32.41
050US17043,7.25
050US47101,36.82
050US48385,32.5
050US48399,24.0
050US55085,15.45
050US40131,16.3
050US48093,25.79
050US36019,16.09
050US31051,23.13
050US41025,16.86
050US47087,28.82
050US28023,31.94
050US48485,18.19
050US48489,33.38
050US50025,13.02
050US21075,31.18
050US21083,23.52
050US26027,17.78
050US30067,14.65
050US30095,14.78
050US36073,16.57
050US48049,20.51
050US48069,27.45
050US13273,24.3
050US45081,27.78
050US46005,23.86
050US46011,11.89
050US29021,21.29
050US29035,33.09
050US26037,11.04
050US26051,25.41
050US40001,45.12
050US40005,29.22
050US40033,21.73
050US08053,24.67
050US12031,12.64
050US12119,10.81
050US13073,13.56
050US55105,14.47
050US55119,22.49
050US41011,18.16
050US51079,11.83
050US32013,16.28
050US27095,18.75
050US27101,19.89
050US27109,8.78
050US27125,18.63
050US54049,15.97
050US54073,18.84
050US55067,19.67
050US55073,14.41
050US17137,20.0
050US42121,19.28
050US44001,11.61
050US48107,25.08
050US39099,16.58
050US39103,9.16
050US32009,38.29
050US41027,14.57
050US41049,17.33
050US48507,38.92
050US49009,9.82
050US49021,10.84
050US56041,8.35
050US51011,26.1
050US51025,30.0
050US21045,28.05
050US21113,13.27
050US21141,31.21
050US41059,17.1
050US40017,11.6
050US56045,16.78
050US23019,13.46
050US51043,16.98
050US48251,11.28
050US51135,29.97
050US22095,18.97
050US22125,17.03
050US26061,16.55
050US48231,18.09
050US48279,28.6
050US04003,17.43
050US29081,21.55
050US31023,17.75
050US37189,13.19
050US38007,22.45
050US51630,10.1
050US42013,18.53
050US42117,18.69
050US26065,13.35
050US29167,17.5
050US19191,15.05
050US29085,31.21
050US40035,27.83
050US49027,13.88
050US50009,24.16
050US47139,27.21
050US47153,21.76
050US48497,19.49
050US13223,9.6
050US55127,12.02
050US56001,7.98
050US56005,7.51
050US21201,45.88
050US20023,19.9
050US47169,26.65
050US50019,19.19
050US48413,30.42
050US46059,20.09
050US46063,8.65
050US46077,20.45
050US46087,15.89
050US46089,28.74
050US56015,19.74
050US47177,25.45
050US48017,25.85
050US48131,35.63
050US48143,13.62
050US42011,14.92
050US42019,12.1
050US42105,19.86
050US42115,15.88
050US51049,32.5
050US26017,16.2
050US51685,5.84
050US48163,36.06
050US48165,20.84
050US48179,23.52
050US28047,17.48
050US48285,22.22
050US48303,14.49
050US51540,10.76
050US51570,17.33
050US51610,3.46
050US02060,15.61
050US02068,6.2
050US02188,21.56
050US02230,12.53
050US02275,21.03
050US30019,22.52
050US39025,11.26
050US39053,26.19
050US39067,24.8
050US31153,6.73
050US02013,33.6
050US40093,21.87
050US40103,23.03
050US40053,24.37
050US31081,10.88
050US31109,9.5
050US31119,17.27
050US01057,27.96
050US01111,26.15
050US05021,27.53
050US05023,21.14
050US05037,25.0
050US27071,19.79
050US19197,23.12
050US20013,22.06
050US40107,32.55
050US31053,16.61
050US31123,21.44
050US21041,31.02
050US39135,17.57
050US39119,18.48
050US05051,18.31
050US31095,23.35
050US29173,19.47
050US40021,26.17
050US36079,5.98
050US36097,16.62
050US29011,25.56
050US39127,21.59
050US20045,8.42
050US20051,15.1
050US20055,17.41
050US29177,18.89
050US28153,34.44
050US28159,33.97
050US28161,42.21
050US20173,14.34
050US20177,18.74
050US20185,23.88
050US29017,27.32
050US29047,8.14
050US20059,24.4
050US39163,30.64
050US29105,21.34
050US29109,19.42
050US31137,14.85
050US33003,10.45
050US39009,16.35
050US19181,11.99
050US19185,26.07
050US19187,19.66
050US21207,29.95
050US38065,18.02
050US06111,10.04
050US08009,25.69
050US08011,25.81
050US08017,16.41
050US29125,29.9
050US31133,25.37
050US20175,16.27
050US22023,21.18
050US22041,38.85
050US22051,19.6
050US22075,17.73
050US39171,16.61
050US20017,27.78
050US20183,17.99
050US20189,23.15
050US20037,19.39
050US20027,25.81
050US20031,15.87
050US29223,30.26
050US29510,21.43
050US21021,18.84
050US36107,14.27
050US20159,17.74
050US20169,16.13
050US21137,29.43
050US39147,16.38
050US39153,14.1
050US40037,19.0
050US34037,7.33
050US32023,24.01
050US32510,13.87
050US40039,17.9
050US40043,21.61
050US39131,26.05
050US29077,16.45
050US28115,29.4
050US28129,43.97
050US31177,11.23
050US20125,23.08
050US20209,19.43
050US21001,27.82
050US21077,24.86
050US23021,21.17
050US24009,7.76
050US06103,20.9
050US40009,18.91
050US40019,24.6
050US31041,20.84
050US38089,13.89
050US26131,22.84
050US38061,16.64
050US29001,19.68
050US51790,19.58
050US40069,33.18
050US46097,20.15
050US21171,25.05
050US26075,15.15
050US26079,21.6
050US26095,23.8
050US26133,24.88
050US26143,17.87
050US39007,19.85
050US36121,17.81
050US37121,25.46
050US37141,18.06
050US39073,17.56
050US39077,15.87
050US46099,11.45
050US54015,22.11
050US26119,24.1
050US21103,21.89
050US36033,21.26
050US36051,12.51
050US31055,11.84
050US40047,17.95
050US13047,14.43
050US20131,17.67
050US20141,22.63
050US31047,17.28
050US47039,25.99
050US55025,7.41
050US39129,15.64
050US39019,22.28
050US35003,35.02
050US35021,44.55
050US35037,39.8
050US20193,10.34
050US21013,33.04
050US39097,13.51
050US28067,39.56
050US21173,20.75
050US29119,36.14
050US31161,22.35
050US55039,15.0
050US55059,12.11
050US39151,14.07
050US40031,12.46
050US28071,11.28
050US28085,31.35
050US39083,17.52
050US39091,14.09
050US29061,22.93
050US29067,28.69
050US40121,21.28
050US40127,32.88
050US46125,22.16
050US21199,22.88
050US26149,19.22
050US39157,20.99
050US26153,19.43
050US26155,17.26
050US27081,21.15
050US39117,18.22
050US27033,19.17
050US27043,19.83
050US39143,17.46
050US46107,16.9
050US48365,23.74
050US53013,18.94
050US39165,6.86
050US39133,12.82
050US39013,22.05
050US31065,21.15
050US31071,27.83
050US31089,20.15
050US39107,13.0
050US39121,28.95
050US21227,11.25
050US53029,6.87
050US53035,6.67
050US53041,15.96
050US51830,7.9
050US55015,10.86
050US55021,15.04
050US39017,10.41
050US35047,38.47
050US35057,33.29
050US33013,10.43
050US39155,18.83
050US28133,37.37
050US22003,26.61
050US22021,33.64
050US18059,11.19
050US20021,22.51
050US27141,7.52
050US27147,13.21
050US27151,20.74
050US35061,25.63
050US21213,22.81
050US13235,26.28
050US13249,24.62
050US20147,15.67
050US20151,19.14
050US20153,15.56
050US17019,10.66
050US47131,21.49
050US13065,41.06
050US13161,31.14
050US21111,13.06
050US19171,19.7
050US12099,11.72
050US12067,21.15
050US22121,13.85
050US01053,37.25
050US01067,22.4
050US21129,38.75
050US19077,16.58
050US19081,19.04
050US19089,20.89
050US13011,29.12
050US27131,12.58
050US27135,15.2
050US42079,19.39
050US45011,29.75
050US47181,28.87
050US48009,17.06
050US50003,13.33
050US19167,10.12
050US13207,20.48
050US18173,12.76
050US17179,15.65
050US13057,6.31
050US17057,19.56
050US13085,10.54
050US08115,19.75
050US13225,22.7
050US05089,20.58
050US19173,19.57
050US48417,20.2
050US48421,21.3
050US48431,12.23
050US48435,40.93
050US42047,17.2
050US13253,33.33
050US13277,32.97
050US48369,27.16
050US48381,9.06
050US17041,23.95
050US05113,23.74
050US26125,8.78
050US21169,21.99
050US48487,27.76
050US48493,13.47
050US42075,16.39
050US24510,20.41
050US25019,6.01
050US36095,20.03
050US19095,17.99
050US19099,17.11
050US13015,14.85
050US47075,35.51
050US17051,25.57
050US05055,18.66
050US08014,4.31
050US05065,24.86
050US05071,32.71
050US19101,16.46
050US19105,17.42
050US19109,18.69
050US12019,7.38
050US12049,35.05
050US19057,19.3
050US20061,12.36
050US42123,18.68
050US13095,22.39
050US27083,12.07
050US19161,18.06
050US13049,28.19
050US42119,22.62
050US13177,14.8
050US36099,17.61
050US33001,10.15
050US08099,21.42
050US45037,29.64
050US29055,25.75
050US26001,24.9
050US13167,33.45
050US27093,17.4
050US27099,16.82
050US21145,17.24
050US26039,14.9
050US26045,13.37
050US08041,7.05
050US19137,17.35
050US13043,32.72
050US18069,16.61
050US18073,16.68
050US37087,23.49
050US37155,38.32
050US38105,10.54
050US48139,9.23
050US48403,21.69
050US48481,26.46
050US41001,18.39
050US41045,22.56
050US42063,22.19
050US45053,28.69
050US18029,13.34
050US18131,20.66
050US18139,25.39
050US08047,9.92
050US08089,25.01
050US19047,21.72
050US40061,27.56
050US29137,26.39
050US31169,20.86
050US47161,31.27
050US17023,18.32
050US19043,21.34
050US19053,21.97
050US20171,14.84
050US19133,20.88
050US26019,14.12
050US26035,24.49
050US20071,16.57
050US20123,18.25
050US42065,23.19
050US44003,10.83
050US17061,23.03
050US18105,9.37
050US18117,25.37
050US18137,19.8
050US05083,25.35
050US40081,30.42
050US19071,16.16
050US19023,20.67
050US19029,20.6
050US08103,14.25
050US08109,25.73
050US05031,13.18
050US26009,16.79
050US27117,16.54
050US27121,19.31
050US27041,15.99
050US19115,19.17
050US19125,16.57
050US13187,15.67
050US17009,22.87
050US08119,6.77
050US12001,10.66
050US09015,13.53
050US12027,37.6
050US05123,34.82
050US26011,23.54
050US18043,19.24
050US21215,12.82
050US21221,26.1
050US22059,23.1
050US22073,24.42
050US22083,41.21
050US22087,19.56
050US40071,22.63
050US09003,13.06
050US05141,29.37
050US26117,22.85
050US26121,17.36
050US49055,18.6
050US42081,16.95
050US19061,13.14
050US19067,20.54
050US19139,16.3
050US19143,13.33
050US19153,11.44
050US19157,17.46
050US26101,18.32
050US19005,23.69
050US19013,14.77
050US19019,18.1
050US20139,18.6
050US42069,17.72
050US40115,25.36
050US27045,19.03
050US27123,10.46
050US13099,47.69
050US16053,19.32
050US54061,10.1
050US42007,16.68
050US48353,23.25
050US48357,17.57
050US48367,11.56
050US54069,21.95
050US28037,24.93
050US28041,32.61
050US48221,10.87
050US48227,23.0
050US38087,20.25
050US13089,11.56
050US12061,15.17
050US13285,23.69
050US17085,16.91
050US17089,9.85
050US45039,31.39
050US13115,19.26
050US42021,20.71
050US18141,17.12
050US18149,20.74
050US13125,31.05
050US13255,23.05
050US13259,36.12
050US08081,16.85
050US27001,21.85
050US42037,18.5
050US17069,23.55
050US17151,37.25
050US26077,9.51
050US42107,20.57
050US17071,18.24
050US30037,26.5
050US30051,25.03
050US27005,15.03
050US38023,25.07
050US51173,25.07
050US01077,22.32
050US01083,14.97
050US13067,6.72
050US13081,34.71
050US37097,12.59
050US37169,23.79
050US51510,6.43
050US51013,6.71
050US13165,39.38
050US26073,13.19
050US18005,15.35
050US18015,19.27
050US16071,10.03
050US17167,14.3
050US18163,16.15
050US18165,16.58
050US18169,17.86
050US54055,25.01
050US13299,26.56
050US26093,8.93
050US17203,14.01
050US08085,19.54
050US12021,10.86
050US12051,29.65
050US17147,14.69
050US48097,19.05
050US48113,15.98
050US13307,33.07
050US17141,15.07
050US17157,19.56
050US47109,27.11
050US47113,17.78
050US48445,23.61
050US48483,22.49
050US53039,16.58
050US54035,23.35
050US48127,34.82
050US27133,16.58
050US54101,29.75
050US55005,17.72
050US17165,24.61
050US18001,23.46
050US01125,16.09
050US04017,34.43
050US56019,16.78
050US55089,8.9
050US39001,30.45
050US28091,37.27
050US51045,19.2
050US51580,19.09
050US51600,2.69
050US17081,16.76
050US13035,23.7
050US27019,6.68
050US27029,19.91
050US39169,17.86
050US42001,15.41
050US28095,27.4
050US47133,31.82
050US49041,12.18
050US26043,17.55
050US26057,22.36
050US26067,15.96
050US36069,12.27
050US28105,16.1
050US31039,24.95
050US13193,36.99
050US16001,12.15
050US26087,14.57
050US26091,14.54
050US21127,29.36
050US13293,26.32
050US17133,12.38
050US47043,22.78
050US54097,23.73
050US45023,34.7
050US50007,9.19
050US31113,24.21
050US42009,23.42
050US18079,20.14
050US17181,30.94
050US17191,25.34
050US17195,17.26
050US42053,24.03
050US48149,31.36
050US48155,25.7
050US48183,17.41
050US50011,14.27
050US26005,18.08
050US18093,21.67
050US05047,30.37
050US13055,27.82
050US05137,28.1
050US08061,14.11
050US08075,12.59
050US48189,19.66
050US40007,21.11
050US13321,28.21
050US17109,21.27
050US17113,11.22
050US26025,18.42
050US13101,48.3
050US17099,15.37
050US17103,15.63
050US17105,16.89
050US51197,25.21
050US37179,7.6
050US17123,21.44
050US13109,25.67
050US48397,4.9
050US18155,24.99
050US37025,8.94
050US37035,16.44
050US13211,20.07
050US40105,33.2
050US40111,27.87
050US26031,19.79
050US54089,32.68
050US51115,25.92
050US51169,29.73
050US17083,20.9
050US39071,25.13
050US39079,21.45
050US48267,25.18
050US28117,25.21
050US28125,35.98
050US29135,24.98
050US48271,49.36
050US51650,12.82
050US37143,21.88
050US29221,29.15
050US39069,12.11
050US29075,23.41
050US29079,24.16
050US29165,7.22
050US17111,6.3
050US30107,23.99
050US46047,14.87
050US37191,17.6
050US38001,19.61
050US29225,24.85
050US36085,15.02
050US28059,18.44
050US29093,30.85
050US56037,11.0
050US54079,19.56
050US39089,12.17
050US45085,20.57
050US46007,26.32
050US18089,16.91
050US18107,15.48
050US18161,24.69
050US19021,13.33
050US36117,15.59
050US48177,22.64
050US48191,34.33
050US48219,20.9
050US12005,12.2
050US48257,13.99
050US31021,22.02
050US36011,16.82
050US31141,17.72
050US31145,19.54
050US31149,20.55
050US48247,42.87
050US48021,16.88
050US29111,19.54
050US53001,21.28
050US53063,10.15
050US40153,18.61
050US17139,21.01
050US55091,16.94
050US37033,31.19
050US37185,36.28
050US37187,33.43
050US33005,12.88
050US35001,15.71
050US28107,34.46
050US36027,9.39
050US17193,22.07
050US18047,19.68
050US02185,26.17
050US05111,22.1
050US38015,12.23
050US29025,24.54
050US29091,23.37
050US20191,16.81
050US21039,17.47
050US48197,31.45
050US31067,17.06
050US31077,19.73
050US46065,16.55
050US54051,24.72
050US31097,21.95
050US20145,22.67
050US26123,23.17
050US31127,17.2
050US37109,14.03
050US37197,23.64
050US31083,19.13
050US31093,21.25
050US55071,17.12
050US42113,20.9
050US48209,9.82
050US48233,17.59
050US48307,20.43
050US31173,28.4
050US31175,22.79
050US35006,37.48
050US35009,16.95
050US31131,17.47
050US31139,14.76
050US48123,31.17
050US48125,18.7
050US51680,16.72
050US51683,8.67
050US13005,28.37
050US13045,13.69
050US21163,12.44
050US21191,23.68
050US39051,14.84
050US30065,21.69
050US35013,22.61
050US55083,16.78
050US48077,21.56
050US48081,25.49
050US40099,26.5
050US13087,38.88
050US27155,20.21
050US27159,20.23
050US27169,12.88
050US36049,18.59
050US39059,23.46
050US05027,32.28
050US48087,24.93
050US48235,24.93
050US48243,24.1
050US48249,38.15
050US29181,28.98
050US31013,15.62
050US48281,20.8
050US48291,19.02
050US41009,12.51
050US28065,39.08
050US28069,41.54
050US29107,20.97
050US13061,25.85
050US28039,32.43
050US37081,15.86
050US37119,9.8
050US37171,22.79
050US28005,36.64
050US28113,38.95
050US17025,17.85
050US55049,16.14
050US48253,19.45
050US51550,8.05
050US46129,31.4
050US51065,12.13
050US51520,18.64
050US28063,30.88
050US28127,32.87
050US17049,15.47
050US01007,26.75
050US30097,20.88
050US01019,24.97
050US28015,35.43
050US55031,17.64
050US01085,40.53
050US55101,13.57
050US28135,42.44
050US28145,28.22
050US55129,17.74
050US46051,15.32
050US41057,14.83
050US46045,16.19
050US20081,15.53
050US20093,18.9
050US46043,24.75
050US29053,20.51
050US30103,20.51
050US35028,7.4
050US28019,30.7
050US37181,26.76
050US28073,13.23
050US46057,18.53
050US55135,17.39
050US28025,25.85
050US48085,5.63
050US48095,23.03
050US48111,21.95
050US48115,25.71
050US36021,16.56
050US30109,28.71
050US29131,21.75
050US28155,30.38
050US29039,19.62
050US48047,33.3
050US48105,21.79
050US28031,43.47
050US28035,20.97
050US05125,13.84
050US21143,26.07
050US39081,20.37
050US37005,21.52
050US34039,12.78
050US29051,18.02
050US21219,40.46
050US22049,27.9
050US06049,27.27
050US06087,10.11
050US17033,19.59
050US40119,13.86
050US29147,17.31
050US29151,23.81
050US46091,22.05
050US35027,18.83
050US35053,37.92
050US39031,26.1
050US39033,17.75
050US21073,13.67
050US28099,28.47
050US28147,43.92
050US51750,14.53
050US40123,28.09
050US27059,13.87
050US37041,26.38
050US39037,17.1
050US26105,18.59
050US48439,10.22
050US16055,11.28
050US39057,9.56
050US39065,19.38
050US29185,28.36
050US21047,18.38
050US21081,23.68
050US46103,12.76
050US37061,30.87
050US01045,18.45
050US31159,13.44
050US31165,23.16
050US31111,14.46
050US31115,25.51
050US56011,16.75
050US56017,17.89
050US56023,10.55
050US56027,24.17
050US12063,26.12
050US27055,13.87
050US01105,43.52
050US02122,16.31
050US25023,9.58
050US46061,11.58
050US47095,28.93
050US47099,24.47
050US56007,17.52
050US55093,13.6
050US55097,12.19
050US38039,19.47
050US46115,15.89
050US18049,19.0
050US18057,4.41
050US18077,19.31
050US18127,13.49
050US38029,32.49
050US38057,13.32
050US12101,13.38
050US47179,14.27
050US20163,20.04
050US39023,14.66
050US39139,19.4
050US30017,18.91
050US40129,26.72
050US40149,22.68
050US27085,13.97
050US31179,11.08
050US31183,20.23
050US32017,19.67
050US32021,29.64
050US32027,23.77
050US37003,23.14
050US35005,25.65
050US30021,20.31
050US49031,14.66
050US18019,20.38
050US38043,20.97
050US29083,17.48
050US39041,4.97
050US46037,23.89
050US47061,32.61
050US47069,32.65
050US47071,24.52
050US29097,16.24
050US32029,18.87
050US39027,15.55
050US21091,19.48
050US12081,11.25
050US41037,28.11
050US48121,5.93
050US48133,30.27
050US48269,9.09
050US48327,28.5
050US28101,30.27
050US29117,27.68
050US29121,28.59
050US46027,8.31
050US17055,23.52
050US16081,7.96
050US05079,36.44
050US20201,26.89
050US20205,30.9
050US48447,21.86
050US29139,26.69
050US47103,27.65
050US31121,22.15
050US31125,21.22
050US46135,17.05
050US05127,37.6
050US13199,35.26
050US21211,13.71
050US40091,30.4
050US19037,20.32
050US55141,15.76
050US30079,19.31
050US38019,19.17
050US38021,17.7
050US47027,34.45
050US47047,21.71
050US55027,15.4
050US21015,7.41
050US21087,26.92
050US20167,23.38
050US27035,13.91
050US18033,17.84
050US18039,16.05
050US36015,15.53
050US48305,25.95
050US13091,35.97
050US46033,15.94
050US36109,8.93
050US40085,24.17
050US37071,17.21
050US21019,15.93
050US12011,11.34
050US13119,27.01
050US19149,12.84
050US47023,21.77
050US08007,14.02
050US38083,23.8
050US20127,17.54
050US20129,20.71
050US20133,24.16
050US17013,28.19
050US12015,12.71
050US27017,18.8
050US31163,22.51
050US29141,27.39
050US29145,20.64
050US46031,37.82
050US36039,22.2
050US47083,27.83
050US55133,7.95
050US21009,17.85
050US29205,23.07
050US29211,26.79
050US48331,27.73
050US48363,20.59
050US36041,16.94
050US36093,12.26
050US28077,42.48
050US22089,12.77
050US22093,25.68
050US20187,26.19
050US23009,13.77
050US27049,13.25
050US13129,21.48
050US29007,22.35
050US42015,18.07
050US46029,15.39
050US28097,28.77
050US38009,16.84
050US38011,14.22
050US29215,24.13
050US29219,16.18
050US18045,18.78
050US27065,19.15
050US21035,14.16
050US21053,39.7
050US28111,26.8
050US29045,26.61
050US29073,18.56
050US54077,21.47
050US35041,17.99
050US44005,10.45
050US37073,22.34
050US38013,16.8
050US19051,32.71
050US05035,20.94
050US51760,19.26
050US53023,20.02
050US20003,23.48
050US20047,21.48
050US20119,18.12
050US20157,25.7
050US50015,11.41
050US40059,29.41
050US31063,23.35
050US41029,11.16
050US16011,11.52
050US38069,18.61
050US39005,17.81
050US17095,21.79
050US21157,17.96
050US40139,20.57
050US48137,40.05
050US48217,18.7
050US48299,16.7
050US18011,10.17
050US20121,17.43
050US31143,13.11
050US32005,9.36
050US31087,25.1
050US31117,28.8
050US42109,22.41
050US23005,9.0
050US17035,21.35
050US17039,17.43
050US20041,19.69
050US20137,18.09
050US42025,17.57
050US20179,15.87
050US26151,23.56
050US17079,22.15
050US51021,28.39
050US40109,14.56
050US40083,17.12
050US40137,19.63
050US29123,28.51
050US29187,17.8
050US41041,13.5
050US17155,17.9
050US18023,19.56
050US18063,8.16
050US18145,18.46
050US26161,7.45
050US38041,21.25
050US40063,41.8
050US35023,23.23
050US37157,25.48
050US37195,21.81
050US31181,19.51
050US37151,20.15
050US17101,22.11
050US12003,17.43
050US53003,16.15
050US19011,16.66
050US31007,15.9
050US40025,27.12
050US40147,18.2
050US41053,10.02
050US51840,18.66
050US13175,35.51
050US08123,10.75
050US27009,12.27
050US27057,15.19
050US26069,17.11
050US18135,19.13
050US31027,16.2
050US31043,20.45
050US55045,16.8
050US46025,20.83
050US17117,17.66
050US56009,12.87
050US42077,13.38
050US49053,9.85
050US18153,26.94
050US19123,16.55
050US21117,11.79
050US29186,19.27
050US31099,16.58
050US21105,26.64
050US13247,13.96
050US17077,16.67
050US18183,14.54
050US27007,16.33
050US19015,13.71
050US31045,12.94
050US29229,26.84
050US30041,17.32
050US31005,21.32
050US12043,34.87
050US39015,21.81
050US35025,18.58
050US38031,17.43
050US13147,25.03
050US05097,33.7
050US06105,29.69
050US08107,6.59
050US12103,13.33
050US13017,35.54
050US51183,29.15
050US13071,24.97
050US41063,18.95
050US39029,17.3
050US48027,11.8
050US19065,19.37
050US19093,18.6
050US13033,26.21
050US48375,21.21
050US48461,42.19
050US48495,18.29
050US19119,12.38
050US17087,27.75
050US51590,25.09
050US27079,14.68
050US42087,25.94
050US20007,16.17
050US20117,18.41
050US19121,16.81
050US19151,17.7
050US19179,21.38
050US27039,9.95
050US27063,15.84
050US48415,23.04
050US27111,19.32
050US27165,24.52
050US19107,21.62
050US20207,29.85
050US21061,19.57
050US38079,27.47
050US48193,23.95
050US48433,19.83
050US48505,38.42
050US13297,15.15
050US15005,28.21
050US19033,17.59
050US17201,13.51
050US19059,13.91
050US19183,15.65
050US20075,24.61
050US01011,30.67
050US39113,14.13
050US18167,15.76
050US37067,16.05
050US19063,19.05
050US27115,21.13
050US13231,19.45
050US26021,18.23
050US39141,16.39
050US51820,23.58
050US48059,25.51
050US55033,13.49
050US28045,20.13
050US27143,19.78
050US20039,17.48
050US27105,17.73
050US19177,28.85
050US20011,24.11
050US55087,11.16
050US39063,11.84
050US39149,15.62
050US28079,33.0
050US29155,25.47
050US54053,25.83
050US27149,14.16
050US36023,17.05
050US01003,13.82
050US01109,29.96
050US04015,17.1
050US05091,22.25
050US55017,13.98
050US55019,25.24
050US38047,22.61
050US38049,18.77
050US47171,28.53
050US26059,22.13
050US28139,26.58
050US26029,15.18
050US26111,13.16
050US35059,35.84
050US39085,11.73
050US35031,50.59
050US41071,11.85
050US27025,10.94
050US12085,11.17
050US40029,33.18
050US28009,34.96
050US33011,7.89
050US36001,12.68
050US23029,20.25
050US50023,12.36
050US01127,24.79
050US02164,32.07
050US29059,27.94
050US29063,24.53
050US36007,14.76
050US28131,27.39
050US29049,16.6
050US48099,12.46
050US22027,49.64
050US24037,12.48
050US26047,14.26
050US29217,16.96
050US04019,11.59
050US56043,16.02
050US20005,22.24
050US46013,15.46
050US46017,40.78
050US31049,23.01
050US55109,11.85
050US55137,20.55
050US56025,13.17
050US40049,20.79
050US51800,15.54
050US17045,19.16
050US50001,12.44
050US47007,25.36
050US26113,19.24
050US26129,21.5
050US36037,16.47
050US50013,11.43
050US38073,20.71
050US46069,17.09
050US56021,11.48
050US31185,11.69
050US33019,13.41
050US19193,16.54
050US55115,18.8
050US51035,28.39
050US01031,17.01
050US01123,22.47
050US35049,16.75
050US47011,18.89
050US31107,21.05
050US21233,26.35
050US53069,13.71
050US55095,19.3
050US55125,16.85
050US41013,15.79
050US36005,19.91
050US36055,12.61
050US48319,21.52
050US48359,13.8
050US48425,12.65
050US51670,21.36
050US54029,19.58
050US28119,40.07
050US55053,21.21
050US19039,18.38
050US12091,10.19
050US36035,18.9
050US39109,13.46
050US31085,17.62
050US31147,18.2
050US51530,22.21
050US28057,23.1
050US29037,12.14
050US47051,22.44
050US16017,19.91
050US20099,21.81
050US31017,17.16
050US40015,28.26
050US19091,18.42
050US29209,14.27
050US28081,20.93
050US55047,21.07
050US55055,14.2
050US05087,28.43
050US08087,14.41
050US39093,14.42
050US46053,26.25
050US46102,50.02
050US48393,15.28
050US36089,16.76
050US38025,14.66
050US35035,18.71
050US06029,16.96
050US06071,10.95
050US08063,16.98
050US54009,20.8
050US31135,16.37
050US17001,18.55
050US51071,22.47
050US32019,12.83
050US48013,17.29
050US48023,22.94
050US48033,16.3
050US48071,13.9
050US55041,21.21
050US39045,12.02
050US05033,22.36
050US29163,22.4
050US36083,11.82
050US54105,28.06
050US48019,15.55
050US51770,21.32
050US51775,16.87
050US13275,18.14
050US31079,14.43
050US08045,11.56
050US02198,30.37
050US13227,12.13
050US48181,18.61
050US48195,20.78
050US48211,17.64
050US48295,13.67
050US51620,22.8
050US55103,23.83
050US55065,21.73
050US13281,20.62
050US47137,21.39
050US46083,6.86
050US31129,23.73
050US31157,18.57
050US48297,36.86
050US46081,12.16
050US31001,18.16
050US55078,25.92
050US51710,12.84
050US51735,10.76
050US29169,12.46
050US20103,13.08
050US51660,12.4
050US38063,22.09
050US38081,15.56
050US31019,12.38
050US31011,17.78
050US31015,24.23
050US29175,20.94
050US30025,17.54
050US48101,31.68
050US48259,7.46
050US48463,28.66
050US19145,16.67
050US31101,16.0
050US55013,19.04
050US36003,20.33
050US29065,27.08
050US55009,11.91
050US47017,27.64
050US51640,24.6
050US55061,18.8
050US20197,19.42
050US51700,13.77
050US55063,12.23
050US50021,16.4
050US46019,20.92
050US48325,22.97
050US48329,13.34
050US48335,29.68
050US51077,27.78
050US08025,20.45
050US55131,10.45
050US34017,12.4
050US17037,8.92
050US29153,28.78
050US30011,18.15
050US31069,17.28
050US12017,14.34
050US20161,7.58
050US21059,15.1
050US39173,10.17
050US17093,5.99
050US17127,29.37
050US39087,22.34
050US35043,13.59
050US37045,27.47
050US55035,11.44
050US55099,19.99
050US31057,26.26
050US31075,20.83
050US31105,23.4
050US28061,46.9
050US17119,13.52
050US21121,34.53
050US21177,23.67
050US54103,26.15
050US55107,22.95
050US48443,36.12
050US48491,5.68
050US51009,26.52
050US51047,13.57
050US39145,21.79
050US40003,20.53
050US46119,18.1
050US19031,16.36
050US20019,34.2
050US20079,14.7
050US20107,33.71
050US46101,14.09
050US55117,13.06
050US55139,12.13
050US05081,28.44
050US12083,16.07
050US13127,18.91
050US29115,26.36
050US51119,28.42
050US51139,29.26
050US51730,26.37
050US37129,11.19
050US37167,15.98
050US38077,15.77
050US45079,15.39
050US06017,10.11
050US12125,27.25
050US19085,20.17
050US47015,25.26
050US48159,15.31
050US32007,10.74
050US17163,18.63
050US30111,12.15
050US31025,12.19
050US22019,21.6
050US47141,19.13
050US47175,29.43
050US48039,10.14
050US48223,15.97
050US48321,31.46
050US48387,29.12
050US46137,43.9
050US47059,24.32
050US01099,51.78
050US42129,16.3
050US48003,11.81
050US48265,13.02
050US48293,30.33
050US48437,21.6
050US06067,9.52
050US17143,18.61
050US01079,30.74
050US19069,23.12
050US16067,16.22
050US42057,25.46
050US27037,8.12
050US05139,30.41
050US27051,17.27
050US48075,26.34
050US45031,26.36
050US17169,16.58
050US17171,17.79
050US54091,18.99
050US13173,32.07
050US48237,25.57
050US20035,21.38
050US13131,27.94
050US20155,16.47
050US12117,7.86
050US13013,13.37
050US45049,27.64
050US48063,28.56
050US16077,17.24
050US49015,18.09
050US02105,33.88
050US22039,31.79
050US51097,33.47
050US06007,11.74
050US13241,22.53
050US01025,36.45
050US08067,16.11
050US13263,37.1
050US21037,14.08
050US16047,21.59
050US48255,29.64
050US47111,23.37
050US48153,22.68
050US48169,20.03
050US17199,21.34
050US46021,24.22
050US28093,29.9
050US29089,20.08
050US36101,18.3
050US37063,9.91
050US35029,34.03
050US29003,19.62
050US29015,24.83
050US51690,22.4
050US19129,12.21
050US21023,27.43
050US37135,7.3
050US38091,11.84
050US08095,18.24
050US48207,34.44
050US54075,27.14
050US25015,8.73
050US21115,21.8
050US39161,20.05
050US29043,14.25
050US13097,10.35
050US13155,33.46
050US38075,13.26
050US38093,17.93
050US39003,15.03
050US39021,13.15
050US01081,13.34
050US26127,21.28
050US26145,18.08
050US49039,12.59
050US50005,18.68
050US51167,37.55
050US51595,27.8
050US51678,23.49
050US41069,20.94
050US42085,18.22
050US22061,15.73
050US28027,36.13
050US51061,9.2
050US55029,15.83
050US21095,28.97
050US47079,23.2
050US42125,15.16
050US06015,15.01
050US16003,18.33
050US21107,22.86
050US16049,25.13
050US36063,17.03
050US51117,33.94
050US13153,13.55
050US23001,14.25
050US21185,6.69
050US27047,19.16
050US28003,25.11
050US28123,35.14
050US42039,19.03
050US18025,34.32
050US21161,24.03
050US27003,8.58
050US31155,14.22
050US45075,27.13
050US48201,13.64
050US39011,12.57
050US20115,22.39
050US20165,18.37
050US26107,18.66
050US40051,17.82
050US40077,27.79
050US18081,11.36
050US29103,32.48
050US29127,17.1
050US29161,16.41
050US39049,10.45
050US22007,25.33
050US05059,31.47
050US05143,13.99
050US40011,25.24
050US29179,24.58
050US40097,18.64
050US26049,18.55
050US21057,33.03
050US39111,31.61
050US46105,18.61
050US42093,20.31
050US08057,21.15
050US33009,11.87
050US39101,18.03
050US30063,10.77
050US36111,11.26
050US23017,17.51
050US45013,9.85
050US34011,17.71
050US48345,25.15
050US25027,11.57
050US47187,4.87
050US04025,14.35
050US08079,12.26
050US41067,5.96
050US18013,16.76
050US26081,10.96
050US26085,32.26
050US55081,18.86
050US21149,22.11
050US29071,16.66
050US29213,14.76
050US30091,13.73
050US19155,16.73
050US18087,38.25
050US18113,17.33
050US29101,11.16
050US18151,15.15
050US26157,21.36
050US29129,30.06
050US36087,15.04
050US47067,41.39
050US47033,25.33
050US47159,22.29
050US48073,22.36
050US30047,18.62
050US31059,20.32
050US22013,33.24
050US22085,35.12
050US24013,10.57
050US26109,21.61
050US04027,18.58
050US13105,36.13
050US21223,24.76
050US31061,22.22
050US47077,23.56
050US48031,11.74
050US16057,9.1
050US37011,23.89
050US21225,21.46
050US48501,24.76
050US37077,18.34
050US13163,37.5
050US13221,30.83
050US24041,12.05
050US26083,22.57
050US16005,12.32
050US49013,12.87
050US51001,26.09
050US51109,18.25
050US51163,22.17
050US53017,15.44
050US05075,25.61
050US05131,20.09
050US06065,10.94
050US01069,22.35
050US01121,22.94
050US04012,33.09
050US13039,11.47
050US40087,12.12
050US27027,14.61
050US27113,14.61
050US29099,11.99
050US48117,18.42
050US48147,23.46
050US17065,23.82
050US45033,38.81
050US31073,14.76
050US39075,40.29
050US48171,17.85
050US55079,18.33
050US26139,10.17
