HEROP_ID,RxCtTmDr,RxAvTmDr,RxTmDrP
050US21007,3.0,3.13,1.0
050US21017,5.0,9.56,0.83
050US21031,4.0,17.72,0.8
050US21065,4.0,10.15,1.0
050US21069,4.0,11.22,1.0
050US21093,22.0,5.85,1.0
050US21099,4.0,14.97,0.8
050US21131,3.0,16.26,1.0
050US21151,19.0,4.15,1.0
050US21155,6.0,12.43,1.0
050US21179,9.0,7.38,1.0
050US17091,29.0,6.59,1.0
050US17187,5.0,3.17,1.0
050US17197,152.0,3.62,1.0
050US18027,7.0,4.27,1.0
050US18061,6.0,11.45,1.0
050US01001,12.0,6.36,1.0
050US01005,8.0,7.51,0.89
050US01023,4.0,13.83,1.0
050US01035,4.0,17.0,0.8
050US01051,14.0,7.19,0.93
050US01055,30.0,5.36,1.0
050US01065,6.0,11.93,1.0
050US01089,73.0,2.9,1.0
050US01113,13.0,7.28,1.0
050US01117,48.0,4.34,1.0
050US02016,,,
050US02130,4.0,0.0,1.0
050US02180,2.0,14.46,1.0
050US02282,0.0,1667.25,0.0
050US05011,5.0,6.19,1.0
050US05015,5.0,4.02,1.0
050US05019,4.0,9.81,0.8
050US05025,1.0,23.07,0.5
050US05063,8.0,5.07,1.0
050US05067,4.0,13.63,0.8
050US05121,4.0,6.56,1.0
050US06001,361.0,2.2,1.0
050US06003,0.0,43.65,0.0
050US06005,8.0,12.93,0.89
050US06013,208.0,3.07,1.0
050US06019,196.0,3.77,0.98
050US06023,31.0,6.53,1.0
050US06033,15.0,8.85,1.0
050US06037,,,
050US06047,49.0,4.29,1.0
050US06057,19.0,9.58,0.95
050US06081,157.0,2.72,0.99
050US06085,372.0,2.37,1.0
050US06115,13.0,6.0,0.93
050US08013,67.0,3.86,0.99
050US08029,7.0,5.45,1.0
050US08049,3.0,8.81,1.0
050US08077,28.0,5.3,0.97
050US08083,7.0,13.25,1.0
050US08091,1.0,0.0,1.0
050US09009,190.0,2.2,1.0
050US11001,179.0,1.3,1.0
050US12009,114.0,3.45,1.0
050US12023,12.0,9.9,1.0
050US12039,9.0,6.37,1.0
050US12055,26.0,8.39,0.96
050US12065,3.0,17.73,0.75
050US12073,68.0,4.21,1.0
050US12095,207.0,2.0,1.0
050US12107,17.0,11.95,1.0
050US12123,4.0,14.11,0.8
050US12127,114.0,3.05,1.0
050US12131,11.0,12.13,0.92
050US12133,6.0,13.64,0.86
050US13009,9.0,3.92,1.0
050US13027,4.0,13.4,0.8
050US13103,10.0,8.15,1.0
050US13121,204.0,2.27,1.0
050US13141,2.0,12.88,1.0
050US13149,2.0,20.89,0.67
050US13179,14.0,12.45,0.93
050US13183,2.0,17.87,0.67
050US13189,5.0,7.39,1.0
050US13209,3.0,12.15,1.0
050US13229,4.0,4.91,1.0
050US13267,5.0,5.75,1.0
050US13271,2.0,10.7,0.67
050US13291,5.0,17.24,0.83
050US13305,6.0,14.64,1.0
050US13319,3.0,14.03,1.0
050US15007,16.0,7.68,0.94
050US16015,0.0,88.2,0.0
050US16023,1.0,0.0,1.0
050US16025,0.0,60.26,0.0
050US16027,29.0,3.01,1.0
050US16037,1.0,0.0,1.0
050US16039,4.0,19.88,0.8
050US16043,2.0,13.42,0.67
050US16061,1.0,49.66,0.33
050US16063,1.0,0.0,1.0
050US16085,3.0,0.0,1.0
050US19175,4.0,13.29,1.0
050US20053,2.0,13.54,1.0
050US20095,1.0,22.34,0.33
050US20135,2.0,5.26,1.0
050US20199,1.0,0.0,1.0
050US48011,1.0,0.0,1.0
050US48025,7.0,7.75,1.0
050US48035,6.0,17.36,0.86
050US48053,7.0,13.79,0.88
050US48055,8.0,8.09,1.0
050US48083,3.0,15.4,1.0
050US29057,2.0,0.0,1.0
050US29143,6.0,10.41,1.0
050US29157,5.0,1.64,1.0
050US29189,199.0,2.06,1.0
050US29199,2.0,5.01,1.0
050US29207,8.0,6.89,1.0
050US30015,2.0,0.0,1.0
050US30023,3.0,0.0,1.0
050US30029,17.0,9.75,0.89
050US30039,1.0,0.0,1.0
050US30057,1.0,46.11,0.33
050US30071,1.0,0.0,1.0
050US30077,1.0,31.37,0.5
050US30085,1.0,53.71,0.33
050US30087,3.0,21.51,0.75
050US30105,2.0,20.0,0.67
050US31091,0.0,83.31,0.0
050US53065,10.0,16.79,0.83
050US21189,2.0,8.2,1.0
050US21195,18.0,6.45,0.95
050US21217,5.0,7.91,1.0
050US21237,2.0,0.0,1.0
050US21239,8.0,7.36,1.0
050US22001,12.0,5.91,1.0
050US22009,9.0,6.65,1.0
050US22011,6.0,13.0,0.86
050US22029,5.0,2.89,1.0
050US22031,7.0,8.11,1.0
050US22033,92.0,2.77,1.0
050US22047,6.0,9.11,0.86
050US22071,177.0,2.27,1.0
050US22081,0.0,41.11,0.0
050US22099,11.0,4.12,1.0
050US22119,11.0,8.41,1.0
050US23013,10.0,15.25,0.91
050US23015,9.0,14.59,0.9
050US24003,105.0,3.61,1.0
050US18103,10.0,10.54,1.0
050US18129,7.0,5.22,1.0
050US18147,5.0,12.69,1.0
050US19001,3.0,5.3,1.0
050US19045,12.0,8.87,1.0
050US19083,6.0,7.21,1.0
050US19111,11.0,7.84,1.0
050US31167,2.0,15.1,1.0
050US34003,179.0,1.02,1.0
050US34007,127.0,1.52,1.0
050US34013,210.0,1.04,1.0
050US34023,175.0,1.54,1.0
050US34041,23.0,3.64,1.0
050US35007,3.0,3.3,1.0
050US35011,1.0,0.0,1.0
050US35051,3.0,15.92,0.75
050US36013,36.0,5.93,1.0
050US36029,237.0,2.34,1.0
050US36043,19.0,7.18,1.0
050US36045,24.0,10.47,0.92
050US36047,761.0,0.73,1.0
050US36053,,,
050US36065,,,
050US36077,15.0,13.25,0.88
050US36081,669.0,1.09,1.0
050US36091,50.0,5.94,1.0
050US36115,16.0,11.62,0.94
050US37007,6.0,11.32,1.0
050US37027,17.0,5.41,1.0
050US37039,6.0,17.37,0.86
050US37049,21.0,5.42,1.0
050US37055,10.0,9.78,0.91
050US37059,7.0,7.04,1.0
050US37069,12.0,8.27,1.0
050US37083,12.0,4.57,1.0
050US37091,5.0,6.04,1.0
050US37093,9.0,10.59,1.0
050US37099,8.0,13.54,0.89
050US37111,10.0,9.9,1.0
050US37117,6.0,10.27,1.0
050US37127,18.0,5.24,1.0
050US37165,7.0,6.25,1.0
050US37175,7.0,6.47,1.0
050US37199,5.0,13.09,1.0
050US38017,33.0,3.51,1.0
050US38037,1.0,0.0,1.0
050US38085,0.0,62.93,0.0
050US38099,6.0,9.76,1.0
050US39035,447.0,2.59,1.0
050US39039,9.0,6.32,1.0
050US39043,18.0,9.78,0.95
050US39125,5.0,12.51,1.0
050US40065,7.0,10.38,0.88
050US48103,1.0,0.0,1.0
050US48141,161.0,3.71,1.0
050US48151,2.0,11.79,1.0
050US48161,7.0,9.96,1.0
050US48167,66.0,4.12,0.99
050US48199,10.0,7.62,0.91
050US48213,17.0,6.63,1.0
050US48229,0.0,149.67,0.0
050US48241,8.0,6.44,1.0
050US48245,72.0,4.85,0.99
050US48261,0.0,87.89,0.0
050US48289,2.0,13.68,0.67
050US48317,1.0,30.52,0.5
050US48333,2.0,6.46,1.0
050US48347,12.0,9.81,0.92
050US48361,21.0,6.36,1.0
050US48371,4.0,1.54,1.0
050US48395,4.0,11.55,0.8
050US48423,41.0,3.49,1.0
050US48427,14.0,10.01,0.93
050US48457,4.0,15.41,0.8
050US48471,10.0,8.19,1.0
050US48475,3.0,10.35,1.0
050US48477,6.0,6.28,1.0
050US48499,10.0,6.98,1.0
050US49001,1.0,28.48,0.5
050US49003,10.0,11.78,0.91
050US49011,54.0,2.17,1.0
050US40073,3.0,12.64,0.75
050US40079,11.0,8.27,0.92
050US40145,22.0,6.62,1.0
050US41005,79.0,5.87,0.99
050US41021,1.0,0.0,1.0
050US41033,16.0,5.85,1.0
050US41035,16.0,18.7,0.8
050US41039,83.0,5.4,0.95
050US41043,20.0,4.5,0.95
050US41051,171.0,2.23,1.0
050US41055,0.0,56.7,0.0
050US41061,6.0,16.09,0.75
050US42005,17.0,9.74,0.89
050US42029,116.0,3.08,1.0
050US42035,9.0,6.55,1.0
050US42059,8.0,7.53,0.89
050US42067,4.0,14.05,0.8
050US42091,211.0,1.89,1.0
050US42111,20.0,8.91,0.95
050US45005,3.0,6.16,1.0
050US45019,83.0,4.4,0.97
050US45025,10.0,6.18,1.0
050US45043,15.0,7.63,1.0
050US45063,74.0,5.28,1.0
050US45077,28.0,5.68,1.0
050US45091,46.0,4.66,1.0
050US46073,1.0,0.0,1.0
050US46093,4.0,13.91,0.8
050US46095,1.0,0.0,1.0
050US46123,2.0,7.48,1.0
050US47001,17.0,5.77,0.94
050US47003,9.0,11.88,1.0
050US47005,5.0,14.86,1.0
050US47019,16.0,8.91,0.94
050US47029,8.0,14.78,0.89
050US47049,4.0,2.57,1.0
050US47063,12.0,2.98,1.0
050US47073,13.0,7.98,1.0
050US47081,4.0,19.66,0.67
050US47097,8.0,11.13,0.89
050US47121,3.0,15.29,1.0
050US47149,49.0,3.42,1.0
050US47173,3.0,12.53,0.75
050US48007,6.0,5.99,1.0
050US25001,56.0,4.28,0.98
050US25013,103.0,2.69,1.0
050US25025,204.0,1.27,1.0
050US26033,9.0,33.38,0.56
050US26053,7.0,8.59,0.88
050US26063,12.0,13.38,0.92
050US26097,2.0,37.48,0.33
050US26115,39.0,5.76,1.0
050US13283,2.0,7.19,1.0
050US13289,1.0,15.77,0.5
050US13313,18.0,4.9,1.0
050US13317,4.0,12.3,1.0
050US15001,43.0,16.48,0.86
050US15009,38.0,15.8,1.0
050US16059,1.0,39.1,0.33
050US16073,2.0,30.65,0.67
050US16083,13.0,5.56,0.93
050US16087,2.0,16.46,0.67
050US17027,8.0,9.2,1.0
050US17031,1319.0,1.63,1.0
050US17047,3.0,5.6,1.0
050US49029,2.0,8.3,1.0
050US49035,212.0,2.2,1.0
050US49043,11.0,13.66,0.85
050US49049,128.0,3.84,1.0
050US51015,12.0,12.2,0.92
050US51037,3.0,18.19,1.0
050US51051,4.0,5.92,1.0
050US51053,6.0,11.89,0.86
050US51069,14.0,7.15,1.0
050US51073,8.0,5.03,1.0
050US51085,23.0,4.48,1.0
050US51099,5.0,9.9,1.0
050US51125,3.0,8.74,1.0
050US51131,4.0,2.64,1.0
050US51137,5.0,10.59,1.0
050US51145,5.0,12.43,1.0
050US51149,7.0,12.86,1.0
050US51161,18.0,4.68,1.0
050US51177,29.0,9.48,0.97
050US51185,11.0,5.45,1.0
050US51199,15.0,4.61,1.0
050US53005,36.0,6.69,0.97
050US53007,13.0,9.3,0.93
050US53009,19.0,12.95,0.86
050US53015,23.0,7.29,0.96
050US53025,11.0,20.23,0.69
050US53031,5.0,32.06,0.62
050US53037,6.0,13.18,0.75
050US53043,4.0,7.23,1.0
050US12077,2.0,13.1,1.0
050US05061,3.0,3.26,1.0
050US05093,12.0,4.49,1.0
050US05095,3.0,7.62,1.0
050US05099,2.0,18.17,0.67
050US05103,6.0,8.83,1.0
050US05109,3.0,0.0,1.0
050US05117,3.0,6.75,1.0
050US05133,3.0,11.12,0.75
050US05147,2.0,0.0,1.0
050US06045,19.0,13.09,0.9
050US06051,2.0,14.53,0.67
050US24011,9.0,6.77,1.0
050US24033,218.0,3.07,1.0
050US24043,32.0,3.0,1.0
050US25007,5.0,1.09,1.0
050US25017,318.0,2.02,1.0
050US26041,10.0,19.62,0.77
050US26099,217.0,1.78,1.0
050US26103,24.0,7.3,0.96
050US26135,3.0,18.16,0.6
050US26147,48.0,7.89,0.96
050US26163,611.0,1.79,1.0
050US27023,4.0,11.81,1.0
050US27053,299.0,2.41,1.0
050US27077,2.0,13.22,1.0
050US27091,5.0,17.11,0.83
050US27129,4.0,16.65,0.67
050US27139,21.0,5.44,1.0
050US27163,50.0,3.87,1.0
050US28007,6.0,11.88,1.0
050US28033,33.0,2.37,1.0
050US28055,0.0,35.96,0.0
050US28075,19.0,4.55,1.0
050US28143,3.0,3.37,1.0
050US28157,1.0,21.34,0.5
050US28163,5.0,13.24,0.83
050US29023,10.0,9.4,1.0
050US29029,10.0,12.58,0.91
050US29031,16.0,5.33,1.0
050US29033,1.0,20.2,0.33
050US17075,8.0,14.04,0.89
050US17129,3.0,4.19,1.0
050US17161,40.0,3.51,1.0
050US17175,2.0,25.79,1.0
050US17185,4.0,5.27,1.0
050US18009,4.0,5.53,1.0
050US18035,30.0,4.23,1.0
050US18067,20.0,3.02,1.0
050US18083,10.0,8.04,1.0
050US18159,4.0,9.61,1.0
050US18175,6.0,13.02,1.0
050US49025,1.0,36.1,0.5
050US05003,5.0,9.77,0.71
050US05007,48.0,7.1,0.98
050US05013,2.0,13.88,1.0
050US05045,24.0,7.48,0.96
050US13051,72.0,3.41,1.0
050US13077,20.0,7.44,1.0
050US13123,5.0,12.92,1.0
050US13133,7.0,6.65,1.0
050US13137,8.0,5.51,1.0
050US13139,36.0,5.71,1.0
050US13143,5.0,7.3,1.0
050US13157,11.0,5.8,1.0
050US13171,3.0,6.58,1.0
050US13181,2.0,12.76,1.0
050US13185,25.0,5.2,1.0
050US13195,6.0,4.6,1.0
050US13213,8.0,8.65,1.0
050US13217,13.0,8.24,1.0
050US13237,4.0,17.3,0.8
050US13245,47.0,3.09,1.0
050US13251,4.0,16.97,0.8
050US13269,3.0,6.01,1.0
050US13279,6.0,5.7,1.0
050US23023,9.0,11.5,1.0
050US23031,41.0,5.86,1.0
050US24001,22.0,4.64,0.96
050US24005,214.0,2.63,1.0
050US24017,31.0,7.76,1.0
050US24021,61.0,5.26,1.0
050US24031,215.0,2.12,1.0
050US24045,19.0,3.8,1.0
050US28149,12.0,5.56,1.0
050US28151,19.0,4.32,1.0
050US29041,3.0,15.28,1.0
050US29069,10.0,5.62,1.0
050US29087,3.0,9.81,1.0
050US29113,7.0,9.56,1.0
050US29159,11.0,6.52,1.0
050US29183,79.0,3.69,1.0
050US29195,8.0,3.95,1.0
050US29197,2.0,12.81,1.0
050US29201,10.0,7.61,1.0
050US30001,2.0,17.65,0.67
050US30013,19.0,9.3,0.86
050US30027,2.0,12.05,1.0
050US30031,22.0,5.26,1.0
050US30045,0.0,52.52,0.0
050US30049,13.0,14.57,0.93
050US30055,0.0,96.59,0.0
050US30059,1.0,0.0,1.0
050US30069,0.0,63.88,0.0
050US30073,1.0,28.68,0.5
050US30083,3.0,18.59,0.75
050US30099,2.0,22.18,0.67
050US31103,0.0,59.39,0.0
050US31151,4.0,5.02,1.0
050US32001,7.0,9.51,1.0
050US32003,484.0,2.65,0.99
050US32015,1.0,0.0,1.0
050US33007,9.0,13.78,0.82
050US33015,66.0,5.5,1.0
050US33017,25.0,5.14,1.0
050US34001,70.0,3.11,1.0
050US34005,114.0,2.8,1.0
050US34015,63.0,2.17,1.0
050US34019,26.0,2.85,1.0
050US34021,77.0,1.06,1.0
050US34025,144.0,1.54,1.0
050US34029,126.0,2.38,1.0
050US34035,68.0,2.3,1.0
050US21229,3.0,15.24,1.0
050US21231,5.0,10.32,1.0
050US22035,3.0,10.65,1.0
050US22045,15.0,7.3,0.94
050US22053,7.0,1.76,1.0
050US22055,43.0,2.41,1.0
050US06055,39.0,5.19,0.98
050US06059,583.0,1.5,1.0
050US06069,11.0,5.89,1.0
050US06073,626.0,3.11,1.0
050US06079,54.0,4.57,1.0
050US06083,89.0,3.87,0.99
050US06097,97.0,4.67,0.97
050US06101,20.0,6.01,0.95
050US06107,77.0,4.39,0.99
050US06113,41.0,3.29,1.0
050US08019,3.0,7.54,1.0
050US08023,0.0,72.24,0.0
050US08031,144.0,1.96,1.0
050US08037,13.0,11.66,0.93
050US08055,1.0,18.86,0.5
050US01049,14.0,3.28,1.0
050US01063,3.0,18.98,1.0
050US01087,12.0,12.2,1.0
050US01091,5.0,15.74,0.83
050US01095,18.0,5.28,1.0
050US01101,63.0,5.24,0.97
050US01107,5.0,3.69,1.0
050US01115,13.0,3.4,1.0
050US01119,3.0,15.96,0.75
050US01131,3.0,20.79,0.75
050US02090,18.0,7.96,0.95
050US02158,,,
050US02240,0.0,173.86,0.0
050US04005,19.0,28.22,0.68
050US04009,7.0,16.91,0.78
050US04013,911.0,2.65,0.99
050US54001,4.0,8.32,1.0
050US54005,7.0,11.05,0.88
050US54021,2.0,3.54,1.0
050US54039,53.0,4.8,1.0
050US54045,9.0,9.3,1.0
050US54047,5.0,17.62,0.62
050US54063,2.0,13.67,0.67
050US54067,7.0,10.48,1.0
050US54087,3.0,17.5,0.75
050US54107,26.0,4.04,1.0
050US55003,5.0,27.08,0.62
050US55043,12.0,8.95,1.0
050US55113,4.0,27.87,0.67
050US56029,5.0,4.34,1.0
050US12086,518.0,1.39,1.0
050US12093,11.0,11.92,0.92
050US12097,41.0,2.63,1.0
050US13021,44.0,2.99,1.0
050US13029,6.0,9.35,0.86
050US39137,7.0,8.37,1.0
050US39175,6.0,0.5,1.0
050US40013,9.0,14.33,0.82
050US40027,61.0,3.83,0.98
050US40057,1.0,0.0,1.0
050US40067,3.0,0.0,1.0
050US40075,2.0,14.07,0.67
050US40095,4.0,6.08,1.0
050US40125,14.0,8.85,0.88
050US40135,9.0,8.72,1.0
050US40143,175.0,2.23,1.0
050US27011,3.0,8.06,1.0
050US27013,16.0,8.28,1.0
050US27031,3.0,12.06,1.0
050US27061,8.0,17.19,0.73
050US27073,3.0,7.32,1.0
050US27075,3.0,12.05,0.75
050US27089,1.0,42.68,0.25
050US27097,6.0,13.06,0.75
050US27127,5.0,16.95,0.83
050US27161,5.0,4.7,1.0
050US27171,16.0,9.23,0.94
050US28001,9.0,7.95,1.0
050US28011,7.0,7.2,0.88
050US28029,6.0,17.88,1.0
050US28043,5.0,9.62,1.0
050US28083,8.0,7.52,1.0
050US28087,14.0,8.32,1.0
050US28103,3.0,0.0,1.0
050US28121,26.0,6.12,0.96
050US35015,12.0,4.1,1.0
050US35039,6.0,35.38,0.67
050US35045,26.0,17.02,0.79
050US35055,4.0,20.44,0.67
050US36025,12.0,14.65,0.86
050US36031,10.0,12.19,0.77
050US36103,323.0,2.57,1.0
050US36105,23.0,10.66,0.96
050US36119,223.0,1.85,1.0
050US36123,5.0,4.76,1.0
050US37009,4.0,16.63,0.67
050US37013,11.0,10.88,1.0
050US37017,5.0,12.81,0.83
050US37023,17.0,9.47,0.94
050US37037,13.0,9.86,1.0
050US37043,2.0,9.58,1.0
050US37053,7.0,13.03,0.88
050US37057,34.0,6.55,1.0
050US37065,14.0,7.41,1.0
050US37075,2.0,15.49,0.67
050US37085,27.0,8.04,1.0
050US37089,27.0,5.93,1.0
050US37095,0.0,79.51,0.0
050US37103,2.0,22.32,0.67
050US37115,3.0,20.6,0.5
050US37123,6.0,9.56,1.0
050US28141,4.0,2.88,1.0
050US42099,10.0,8.02,1.0
050US42103,13.0,19.66,0.72
050US42127,12.0,14.25,0.86
050US42133,90.0,4.58,1.0
050US48411,2.0,5.14,1.0
050US48429,3.0,4.38,1.0
050US48449,8.0,3.9,1.0
050US48453,218.0,3.31,1.0
050US48455,3.0,19.83,0.6
050US48467,10.0,6.74,1.0
050US48473,6.0,6.29,1.0
050US48479,59.0,5.25,0.97
050US49033,1.0,0.0,1.0
050US49045,8.0,33.95,0.73
050US49047,6.0,8.12,1.0
050US49051,4.0,2.26,1.0
050US50017,10.0,14.6,1.0
050US50027,15.0,13.92,0.83
050US51007,2.0,0.0,1.0
050US51017,1.0,0.0,1.0
050US51019,,,
050US51023,8.0,10.53,1.0
050US51033,6.0,16.12,0.86
050US51036,3.0,24.58,1.0
050US51041,71.0,4.53,1.0
050US51057,3.0,14.93,1.0
050US51067,10.0,10.78,1.0
050US51083,8.0,16.49,0.89
050US51091,1.0,0.0,1.0
050US51095,11.0,2.76,1.0
050US51107,65.0,3.55,1.0
050US51111,3.0,9.78,1.0
050US51127,3.0,3.43,1.0
050US51133,4.0,12.64,1.0
050US51143,16.0,15.78,1.0
050US51159,2.0,6.36,1.0
050US51165,19.0,7.14,1.0
050US51175,5.0,17.28,1.0
050US51179,27.0,7.14,1.0
050US51187,8.0,6.47,1.0
050US53047,7.0,19.38,0.7
050US53049,7.0,10.67,0.88
050US53053,171.0,4.44,0.99
050US53061,150.0,4.45,0.99
050US53071,11.0,5.29,0.92
050US53073,33.0,5.81,0.97
050US54013,2.0,12.56,1.0
050US54017,2.0,3.66,1.0
050US54019,11.0,7.63,0.92
050US54023,2.0,16.89,0.67
050US54027,4.0,13.13,0.8
050US54033,22.0,4.33,1.0
050US54037,15.0,6.63,1.0
050US54043,5.0,0.0,1.0
050US54065,4.0,19.2,1.0
050US54071,1.0,22.31,0.33
050US54081,16.0,6.02,0.94
050US54093,2.0,24.43,0.67
050US54095,3.0,16.36,1.0
050US37133,32.0,7.6,1.0
050US37137,3.0,19.09,0.6
050US37149,7.0,8.79,1.0
050US37153,11.0,6.29,1.0
050US37161,13.0,10.16,1.0
050US37163,11.0,9.55,1.0
050US37177,1.0,0.0,1.0
050US38005,3.0,23.0,0.75
050US38033,1.0,0.0,1.0
050US38053,3.0,16.56,0.75
050US38059,4.0,6.51,0.8
050US38067,4.0,13.71,0.8
050US38071,2.0,14.92,0.67
050US22067,8.0,8.4,1.0
050US22069,8.0,15.42,0.89
050US22079,32.0,5.24,0.97
050US22097,18.0,5.12,0.95
050US22107,2.0,11.19,0.67
050US22113,11.0,9.17,0.85
050US22117,11.0,3.76,1.0
050US22123,2.0,10.79,0.67
050US23007,6.0,27.1,0.67
050US08065,2.0,3.16,1.0
050US08071,5.0,12.54,0.83
050US08093,1.0,52.59,0.2
050US08105,3.0,2.68,1.0
050US08113,4.0,5.53,1.0
050US09001,211.0,2.56,1.0
050US09007,37.0,3.91,1.0
050US09011,66.0,4.43,1.0
050US10005,54.0,4.0,1.0
050US12033,72.0,3.49,1.0
050US12037,3.0,22.34,0.5
050US12041,5.0,11.82,1.0
050US12047,3.0,17.42,1.0
050US12053,45.0,5.59,1.0
050US12071,166.0,4.13,0.99
050US19009,3.0,8.85,1.0
050US19027,6.0,3.79,1.0
050US19075,4.0,10.29,1.0
050US19113,45.0,2.65,1.0
050US19147,4.0,11.5,1.0
050US19195,3.0,15.94,1.0
050US20069,2.0,0.0,1.0
050US20143,1.0,16.37,0.5
050US20181,2.0,6.92,1.0
050US21005,5.0,6.29,1.0
050US21025,6.0,17.87,0.86
050US21029,18.0,7.57,1.0
050US21033,3.0,10.01,1.0
050US21043,7.0,9.48,1.0
050US21049,10.0,5.76,1.0
050US21063,1.0,20.54,0.5
050US21071,10.0,4.41,1.0
050US21085,7.0,6.36,1.0
050US21097,5.0,7.58,1.0
050US21109,3.0,7.47,1.0
050US21119,5.0,10.18,1.0
050US21125,13.0,7.47,1.0
050US21135,3.0,8.4,0.75
050US21139,2.0,0.0,1.0
050US21153,2.0,22.77,0.5
050US21159,3.0,7.41,1.0
050US21167,5.0,6.05,1.0
050US21181,2.0,8.36,1.0
050US21183,7.0,7.53,1.0
050US21193,8.0,7.06,1.0
050US21197,2.0,0.0,1.0
050US21205,4.0,0.0,1.0
050US54109,6.0,6.99,1.0
050US55023,6.0,7.96,1.0
050US55037,2.0,21.71,1.0
050US55051,2.0,24.53,0.5
050US55069,10.0,6.55,1.0
050US55075,12.0,11.62,0.92
050US55111,13.0,5.29,1.0
050US41007,11.0,10.28,0.92
050US41017,23.0,6.3,0.96
050US41019,20.0,12.19,0.87
050US41065,7.0,12.55,0.88
050US42003,402.0,2.59,1.0
050US42027,31.0,4.54,1.0
050US42033,18.0,8.34,0.9
050US42041,49.0,3.35,1.0
050US42045,144.0,1.52,1.0
050US42051,36.0,4.86,1.0
050US42061,11.0,15.04,0.92
050US42071,98.0,3.22,1.0
050US42089,33.0,7.64,1.0
050US42095,68.0,3.05,1.0
050US51063,3.0,9.88,1.0
050US51087,64.0,2.59,1.0
050US53077,43.0,5.98,0.96
050US45027,12.0,9.88,1.0
050US45047,14.0,6.66,1.0
050US01043,17.0,7.42,0.94
050US45029,7.0,21.76,0.7
050US45071,8.0,11.02,1.0
050US46067,2.0,12.41,0.67
050US01033,14.0,3.67,1.0
050US02050,,,
050US04007,10.0,25.06,0.62
050US05039,1.0,26.29,0.33
050US06039,21.0,9.34,0.91
050US08043,13.0,8.97,0.93
050US12013,3.0,18.14,1.0
050US12069,54.0,5.29,0.96
050US12129,5.0,13.85,1.0
050US13219,6.0,4.31,1.0
050US16035,0.0,77.64,0.0
050US16069,9.0,6.92,0.9
050US17153,2.0,0.0,1.0
050US18071,10.0,5.96,1.0
050US19087,5.0,8.93,1.0
050US21003,6.0,10.82,1.0
050US21051,5.0,15.7,0.83
050US21165,2.0,14.76,1.0
050US46085,1.0,20.32,0.5
050US47057,4.0,8.41,0.8
050US02195,1.0,0.0,1.0
050US06009,8.0,12.74,0.8
050US08097,3.0,15.41,0.75
050US13007,1.0,25.53,0.5
050US21055,4.0,11.64,1.0
050US22017,64.0,4.42,1.0
050US22115,10.0,19.54,0.83
050US26137,5.0,18.37,0.83
050US29019,29.0,5.37,1.0
050US30005,2.0,30.74,0.5
050US37029,1.0,15.7,0.5
050US40089,6.0,13.56,0.75
050US41023,1.0,31.32,0.5
050US46117,1.0,0.0,1.0
050US47091,5.0,13.83,1.0
050US39047,7.0,7.94,1.0
050US39061,222.0,2.77,1.0
050US39095,128.0,2.36,1.0
050US45055,14.0,11.79,0.93
050US45059,16.0,9.51,0.94
050US45069,7.0,4.31,1.0
050US45073,15.0,8.17,1.0
050US45083,69.0,4.46,1.0
050US45089,11.0,11.57,1.0
050US46009,1.0,23.68,0.5
050US06043,2.0,35.72,0.33
050US06095,96.0,3.22,1.0
050US08035,60.0,5.93,0.98
050US10003,131.0,1.85,1.0
050US12079,5.0,11.27,1.0
050US12113,25.0,5.7,0.96
050US13001,5.0,13.09,1.0
050US13079,3.0,12.87,1.0
050US13135,113.0,2.22,1.0
050US13311,5.0,11.86,1.0
050US47107,10.0,5.06,1.0
050US47117,6.0,8.32,1.0
050US47123,7.0,3.72,1.0
050US47143,6.0,5.88,1.0
050US47151,5.0,10.16,1.0
050US47155,18.0,8.67,1.0
050US47157,221.0,2.76,1.0
050US47165,42.0,8.29,1.0
050US47167,13.0,9.24,1.0
050US47185,6.0,12.36,1.0
050US47189,21.0,5.02,1.0
050US48001,9.0,13.59,0.82
050US48005,17.0,5.3,1.0
050US48029,366.0,3.0,1.0
050US48037,17.0,5.75,0.94
050US48043,2.0,18.73,0.67
050US48051,5.0,6.36,1.0
050US48057,4.0,19.16,0.67
050US48067,6.0,10.61,0.86
050US48091,24.0,3.08,1.0
050US48109,0.0,108.59,0.0
050US48119,2.0,21.78,1.0
050US48173,0.0,45.42,0.0
050US48187,29.0,7.07,1.0
050US48205,1.0,0.0,1.0
050US48215,112.0,3.72,0.99
050US48225,6.0,14.23,0.86
050US48263,0.0,59.62,0.0
050US48273,6.0,8.13,1.0
050US48287,3.0,13.74,0.75
050US48301,0.0,45.72,0.0
050US48311,0.0,46.32,0.0
050US48315,3.0,26.96,0.75
050US48339,58.0,4.52,0.98
050US48343,3.0,7.68,1.0
050US48349,9.0,9.95,0.9
050US48373,8.0,17.52,0.8
050US48377,2.0,0.0,1.0
050US48383,1.0,0.0,1.0
050US48405,3.0,14.5,1.0
050US48407,3.0,15.16,0.75
050US46041,1.0,36.53,0.5
050US46071,0.0,63.45,0.0
050US46075,0.0,49.95,0.0
050US46079,3.0,10.83,1.0
050US46127,3.0,0.0,1.0
050US47013,11.0,8.16,1.0
050US47021,9.0,9.2,1.0
050US47031,12.0,8.86,1.0
050US47035,14.0,9.53,1.0
050US47037,161.0,2.64,1.0
050US47041,4.0,10.64,1.0
050US47065,81.0,3.96,0.99
050US47089,9.0,7.79,1.0
050US56003,2.0,21.29,0.67
050US56013,6.0,22.48,0.6
050US56031,1.0,32.66,0.5
050US56035,2.0,0.0,1.0
050US01041,3.0,24.59,0.5
050US02100,0.0,536.84,0.0
050US04001,3.0,77.1,0.19
050US05001,8.0,8.68,1.0
050US05029,6.0,13.79,1.0
050US05057,4.0,8.54,0.8
050US39115,4.0,16.57,1.0
050US40113,9.0,18.26,0.82
050US41015,5.0,11.53,0.83
050US42049,72.0,2.98,1.0
050US42101,384.0,0.88,1.0
050US45009,4.0,5.03,1.0
050US45057,14.0,6.06,1.0
050US45087,9.0,8.9,1.0
050US47025,8.0,14.06,0.89
050US47053,14.0,6.68,1.0
050US47135,2.0,13.14,1.0
050US47163,39.0,4.18,1.0
050US48089,4.0,14.52,0.8
050US48135,28.0,3.08,1.0
050US48203,14.0,7.79,1.0
050US48323,9.0,5.64,1.0
050US48351,3.0,19.0,0.75
050US48379,2.0,8.7,1.0
050US48409,16.0,3.47,1.0
050US48465,10.0,3.45,1.0
050US49007,5.0,6.39,1.0
050US49019,2.0,5.6,1.0
050US51005,6.0,10.21,1.0
050US51029,3.0,19.28,0.75
050US51089,14.0,9.84,1.0
050US51141,3.0,13.59,0.75
050US51193,4.0,11.38,1.0
050US53011,104.0,4.49,1.0
050US53045,12.0,15.36,0.86
050US54025,6.0,8.73,0.86
050US55001,7.0,14.79,1.0
050US08027,0.0,50.48,0.0
050US08051,2.0,54.41,0.5
050US05041,4.0,7.34,0.8
050US13261,8.0,7.66,1.0
050US18179,7.0,9.2,1.0
050US22111,6.0,9.74,1.0
050US23003,17.0,16.43,0.71
050US40133,8.0,10.94,0.89
050US35019,1.0,0.0,1.0
050US37105,13.0,4.73,1.0
050US37125,18.0,6.21,1.0
050US19035,4.0,9.75,1.0
050US20033,1.0,0.0,1.0
050US20149,4.0,0.0,1.0
050US21027,6.0,17.6,1.0
050US21147,3.0,12.54,0.75
050US21175,5.0,17.41,1.0
050US22005,14.0,2.29,1.0
050US22015,21.0,5.41,0.95
050US22025,3.0,3.79,1.0
050US22037,5.0,8.29,1.0
050US22091,1.0,17.54,0.5
050US22109,21.0,7.23,0.95
050US24029,6.0,6.9,1.0
050US24047,16.0,7.27,0.94
050US26055,17.0,6.82,1.0
050US27015,8.0,2.75,1.0
050US27167,2.0,14.14,1.0
050US28051,5.0,9.7,1.0
050US29013,4.0,4.72,1.0
050US29095,199.0,3.17,1.0
050US30053,3.0,26.14,0.6
050US35033,1.0,0.0,1.0
050US36059,284.0,1.49,1.0
050US38003,4.0,9.12,1.0
050US38055,2.0,0.0,1.0
050US40055,2.0,0.0,1.0
050US40117,4.0,18.3,0.8
050US42043,65.0,2.95,1.0
050US42097,24.0,2.95,1.0
050US45015,44.0,6.79,0.98
050US45067,8.0,9.82,1.0
050US47009,27.0,11.41,0.96
050US47129,4.0,19.69,0.8
050US48065,1.0,31.66,0.5
050US48157,75.0,2.85,0.99
050US12057,321.0,2.82,1.0
050US12089,13.0,5.44,1.0
050US13025,3.0,6.12,1.0
050US39167,16.0,7.82,1.0
050US40023,5.0,11.12,1.0
050US18007,3.0,14.16,1.0
050US18051,7.0,5.6,1.0
050US18123,5.0,7.75,1.0
050US20083,1.0,0.0,1.0
050US20203,1.0,0.0,1.0
050US21079,4.0,8.07,1.0
050US21123,3.0,11.34,0.75
050US21209,14.0,9.34,1.0
050US22065,5.0,9.73,1.0
050US22105,20.0,6.22,1.0
050US23025,14.0,19.43,0.82
050US26007,9.0,9.58,0.9
050US28017,4.0,8.54,1.0
050US48419,5.0,10.19,0.83
050US54083,7.0,5.72,1.0
050US06063,7.0,11.09,1.0
050US48129,2.0,10.05,1.0
050US48313,4.0,5.81,1.0
050US53027,17.0,5.76,1.0
050US54059,5.0,17.15,0.71
050US05119,95.0,2.82,1.0
050US06093,6.0,31.14,0.43
050US02170,19.0,19.87,0.79
050US13075,4.0,4.08,1.0
050US25005,126.0,2.54,1.0
050US13303,5.0,12.13,1.0
050US17017,4.0,7.19,0.8
050US22043,4.0,11.67,0.8
050US22127,4.0,7.4,1.0
050US10001,33.0,5.38,1.0
050US12075,8.0,19.9,0.8
050US27021,7.0,19.49,0.7
050US28089,20.0,3.95,0.95
050US29227,1.0,0.0,1.0
050US30043,3.0,4.45,1.0
050US30081,9.0,14.32,0.9
050US34027,100.0,2.25,1.0
050US36075,30.0,6.9,1.0
050US37021,56.0,4.37,1.0
050US37107,15.0,6.36,1.0
050US37145,7.0,8.45,1.0
050US37193,14.0,8.7,1.0
050US40141,5.0,7.03,1.0
050US41031,4.0,13.84,0.67
050US41047,57.0,4.85,0.98
050US27087,1.0,45.08,0.5
050US27173,4.0,6.84,1.0
050US28109,9.0,7.48,1.0
050US29027,8.0,9.38,1.0
050US30009,3.0,26.83,0.6
050US30033,0.0,132.39,0.0
050US31033,3.0,0.0,1.0
050US34031,100.0,1.25,1.0
050US35017,5.0,19.16,0.62
050US36009,21.0,6.13,1.0
050US36061,288.0,0.37,1.0
050US36071,79.0,4.11,1.0
050US37015,4.0,19.2,1.0
050US37101,25.0,4.91,1.0
050US37131,4.0,12.05,0.8
050US37159,30.0,7.05,1.0
050US37183,187.0,2.43,1.0
050US13201,3.0,12.6,1.0
050US13265,1.0,25.0,1.0
050US44009,30.0,4.15,1.0
050US45003,32.0,8.03,0.97
050US45007,39.0,4.14,1.0
050US45017,3.0,8.9,1.0
050US45035,25.0,4.71,1.0
050US45041,33.0,4.43,1.0
050US45045,111.0,2.65,1.0
050US45051,72.0,4.26,1.0
050US30007,0.0,45.68,0.0
050US30093,8.0,2.82,1.0
050US37051,68.0,3.27,1.0
050US37139,10.0,6.16,1.0
050US45061,7.0,13.63,1.0
050US46055,1.0,0.0,1.0
050US47045,8.0,8.38,1.0
050US47127,2.0,8.76,1.0
050US51081,3.0,13.44,1.0
050US51105,6.0,6.0,1.0
050US51195,11.0,3.04,1.0
050US54007,3.0,7.39,1.0
050US54099,11.0,4.34,1.0
050US42031,10.0,11.65,1.0
050US01009,9.0,4.1,1.0
050US01047,14.0,10.75,0.93
050US05073,1.0,19.43,0.5
050US06027,5.0,8.23,0.83
050US06053,92.0,4.77,0.98
050US06099,94.0,3.05,1.0
050US08111,0.0,52.11,0.0
050US12045,3.0,8.83,0.75
050US12105,154.0,5.59,1.0
050US12121,7.0,8.99,1.0
050US16041,2.0,0.0,1.0
050US16079,3.0,0.0,1.0
050US18021,6.0,4.29,1.0
050US48175,2.0,12.66,1.0
050US48503,4.0,1.68,1.0
050US51113,2.0,11.1,1.0
050US53033,396.0,2.74,0.99
050US53057,30.0,6.64,1.0
050US06091,1.0,0.0,1.0
050US18125,3.0,13.58,0.75
050US26003,1.0,34.02,0.25
050US27103,7.0,1.23,1.0
050US01039,13.0,9.78,0.93
050US01061,6.0,6.74,1.0
050US01075,3.0,0.0,1.0
050US04011,2.0,18.99,0.67
050US01013,8.0,10.15,0.89
050US01015,31.0,5.68,1.0
050US21235,7.0,5.53,0.88
050US22057,23.0,6.03,0.96
050US24023,7.0,6.55,1.0
050US26013,2.0,19.4,0.67
050US26071,5.0,11.63,1.0
050US47145,11.0,8.1,1.0
050US47183,11.0,6.54,1.0
050US48041,42.0,3.55,1.0
050US48079,0.0,44.59,0.0
050US48341,3.0,8.56,0.75
050US49005,25.0,6.57,0.96
050US49023,1.0,25.2,0.5
050US51103,3.0,12.14,0.75
050US51157,1.0,33.23,0.5
050US53019,1.0,64.8,0.33
050US53075,8.0,12.45,0.8
050US55011,3.0,22.23,0.6
050US56033,5.0,11.26,0.83
050US56039,4.0,8.77,1.0
050US05085,16.0,8.17,1.0
050US06089,45.0,9.0,0.94
050US08005,147.0,2.72,1.0
050US08033,0.0,79.69,0.0
050US01073,163.0,3.47,1.0
050US01129,5.0,13.31,1.0
050US02290,,,
050US42131,7.0,7.91,1.0
050US45021,13.0,9.12,1.0
050US27137,60.0,9.21,0.9
050US28021,3.0,7.08,1.0
050US28053,3.0,9.53,1.0
050US28137,4.0,16.74,0.8
050US30003,2.0,55.84,0.4
050US30035,1.0,61.6,0.25
050US30061,1.0,24.72,0.5
050US30089,2.0,18.92,0.67
050US31009,0.0,58.84,0.0
050US32033,2.0,21.61,0.67
050US34009,33.0,3.09,1.0
050US36017,11.0,12.62,0.92
050US37019,33.0,6.98,1.0
050US37047,12.0,8.14,0.92
050US37079,4.0,13.34,1.0
050US37147,32.0,3.37,1.0
050US37173,4.0,18.16,0.8
050US45065,3.0,14.8,1.0
050US46003,0.0,36.96,0.0
050US47055,6.0,15.2,0.75
050US47085,5.0,7.03,1.0
050US05145,13.0,7.52,1.0
050US13107,6.0,10.24,1.0
050US16007,2.0,8.38,1.0
050US47119,17.0,7.43,1.0
050US47147,14.0,8.15,1.0
050US48015,5.0,11.89,0.83
050US48277,12.0,5.58,1.0
050US48391,2.0,9.46,1.0
050US48469,23.0,5.65,1.0
050US49057,50.0,3.0,1.0
050US51003,22.0,8.28,1.0
050US51031,12.0,8.1,1.0
050US51059,258.0,3.06,1.0
050US51121,16.0,5.66,1.0
050US51155,10.0,7.14,1.0
050US53067,49.0,6.33,0.98
050US54031,3.0,0.0,1.0
050US54057,7.0,8.67,1.0
050US54085,3.0,14.28,1.0
050US55007,3.0,24.46,0.5
050US55057,6.0,14.39,0.86
050US55121,8.0,8.32,1.0
050US41003,18.0,4.49,1.0
050US42023,2.0,7.8,1.0
050US42055,26.0,5.37,0.96
050US44007,141.0,1.66,1.0
050US21203,4.0,11.81,1.0
050US05017,4.0,0.69,1.0
050US13215,53.0,2.06,1.0
050US13301,2.0,6.41,1.0
050US16013,4.0,4.62,1.0
050US16031,4.0,20.11,0.67
050US17125,5.0,10.72,0.83
050US24015,19.0,6.41,1.0
050US24039,6.0,13.59,0.75
050US17007,7.0,5.87,1.0
050US18053,16.0,5.91,1.0
050US20065,2.0,4.16,1.0
050US21011,3.0,13.6,1.0
050US21067,82.0,2.49,1.0
050US21101,11.0,6.04,1.0
050US21133,7.0,7.29,1.0
050US22077,6.0,10.9,1.0
050US22103,42.0,4.2,0.98
050US08069,70.0,6.22,0.96
050US12029,3.0,16.87,0.75
050US27067,12.0,10.79,1.0
050US27119,8.0,9.71,0.8
050US20067,2.0,3.3,1.0
050US21089,8.0,7.08,0.89
050US26089,7.0,10.49,1.0
050US26141,3.0,22.74,0.43
050US32031,109.0,5.75,0.97
050US38097,4.0,11.4,1.0
050US47105,10.0,7.58,1.0
050US13309,2.0,6.85,1.0
050US17003,2.0,26.08,0.5
050US17189,4.0,2.69,1.0
050US19003,2.0,10.29,1.0
050US19163,47.0,4.28,1.0
050US20195,1.0,0.0,1.0
050US21187,3.0,17.08,1.0
050US22063,17.0,5.53,1.0
050US22101,16.0,7.12,0.94
050US08117,5.0,2.79,1.0
050US12007,4.0,8.45,1.0
050US13031,11.0,6.23,0.92
050US39123,11.0,11.45,0.85
050US40101,16.0,7.0,1.0
050US27069,2.0,0.0,1.0
050US27107,2.0,10.23,0.67
050US27145,29.0,5.05,1.0
050US28049,63.0,4.51,0.98
050US29171,2.0,3.02,1.0
050US30075,1.0,0.0,1.0
050US32011,0.0,90.71,0.0
050US34033,25.0,4.61,1.0
050US36113,18.0,5.37,0.95
050US37031,39.0,6.96,1.0
050US37113,8.0,9.58,0.89
050US38035,17.0,6.8,0.94
050US39055,21.0,8.25,1.0
050US46023,3.0,0.0,1.0
050US47093,112.0,3.36,1.0
050US01071,11.0,4.49,1.0
050US13019,6.0,15.22,1.0
050US48061,87.0,3.76,1.0
050US48185,4.0,20.62,0.67
050US48239,3.0,14.14,1.0
050US06011,4.0,11.2,0.8
050US16029,2.0,0.0,1.0
050US01021,9.0,7.7,1.0
050US01027,3.0,14.34,0.75
050US01029,4.0,16.94,1.0
050US04023,10.0,4.52,1.0
050US01093,8.0,10.0,1.0
050US05053,4.0,9.39,1.0
050US01103,27.0,4.63,1.0
050US01133,6.0,6.68,0.86
050US02070,,,
050US02110,6.0,3.39,1.0
050US02150,4.0,42.87,0.8
050US02220,2.0,0.0,1.0
050US02261,2.0,114.78,0.67
050US48389,4.0,13.79,0.8
050US49017,0.0,108.41,0.0
050US51093,8.0,7.07,1.0
050US51171,8.0,18.26,0.89
050US53021,11.0,11.03,0.85
050US53055,4.0,9.36,0.8
050US05069,24.0,5.88,1.0
050US05107,5.0,9.46,0.83
050US06041,54.0,4.19,0.96
050US06077,139.0,3.06,1.0
050US08001,97.0,3.5,1.0
050US01059,9.0,10.49,1.0
050US01097,115.0,4.27,1.0
050US48283,1.0,0.0,1.0
050US48401,11.0,10.06,0.85
050US48459,7.0,13.62,1.0
050US49037,1.0,72.71,0.25
050US51027,6.0,12.54,0.86
050US51101,4.0,18.58,1.0
050US51147,5.0,8.09,1.0
050US51191,13.0,6.03,1.0
050US54003,14.0,3.54,1.0
050US54041,5.0,7.99,1.0
050US42017,143.0,2.1,1.0
050US05043,5.0,9.55,1.0
050US05049,2.0,0.0,1.0
050US02020,54.0,3.82,0.98
050US04021,70.0,11.08,0.93
050US13113,20.0,3.88,1.0
050US13151,25.0,5.14,1.0
050US13191,4.0,15.1,0.8
050US23027,8.0,15.9,1.0
050US24027,55.0,2.24,1.0
050US05135,4.0,6.28,1.0
050US09005,51.0,5.42,1.0
050US09013,29.0,5.34,1.0
050US12115,95.0,2.0,1.0
050US05101,1.0,21.9,0.5
050US05105,2.0,20.63,0.67
050US05115,11.0,5.0,1.0
050US05005,9.0,10.03,1.0
050US05009,7.0,8.47,1.0
050US08021,1.0,15.4,0.5
050US08039,4.0,27.1,0.57
050US08059,137.0,4.2,0.99
050US01037,2.0,17.54,0.67
050US08073,1.0,24.36,0.5
050US08101,54.0,6.55,0.98
050US08121,0.0,59.44,0.0
050US08125,2.0,0.0,1.0
050US05077,4.0,16.36,1.0
050US01017,9.0,6.26,1.0
050US05129,2.0,17.77,0.67
050US13063,50.0,4.04,1.0
050US13159,3.0,14.45,1.0
050US06031,25.0,7.15,0.93
050US06035,6.0,27.91,0.67
050US06075,196.0,1.55,0.99
050US08003,4.0,10.24,1.0
050US08015,5.0,5.67,1.0
050US13003,3.0,5.75,1.0
050US12035,21.0,5.92,1.0
050US12059,3.0,18.08,0.75
050US12087,30.0,6.68,0.97
050US12109,41.0,5.77,1.0
050US12111,45.0,3.76,1.0
050US05149,6.0,7.28,1.0
050US06021,5.0,11.48,0.83
050US06025,28.0,9.66,0.9
050US06061,83.0,4.34,0.98
050US06109,10.0,11.83,0.91
050US13117,45.0,5.19,1.0
050US13169,6.0,9.71,1.0
050US13197,2.0,11.56,1.0
050US17067,7.0,13.09,1.0
050US17183,23.0,7.87,0.96
050US13059,30.0,2.72,1.0
050US13069,9.0,4.57,1.0
050US13083,4.0,11.14,1.0
050US17053,5.0,11.33,1.0
050US13145,5.0,11.26,1.0
050US13023,3.0,3.38,1.0
050US13037,2.0,9.32,1.0
050US13053,5.0,19.72,1.0
050US17073,12.0,8.34,0.92
050US17097,154.0,3.23,1.0
050US17059,2.0,13.43,1.0
050US17063,10.0,6.48,1.0
050US13093,3.0,6.89,1.0
050US16051,3.0,12.79,0.75
050US16065,6.0,4.88,1.0
050US13111,5.0,10.83,1.0
050US13243,2.0,0.0,1.0
050US13257,5.0,4.26,1.0
050US17011,9.0,9.29,0.9
050US17015,6.0,7.9,1.0
050US18099,12.0,8.22,1.0
050US18101,2.0,17.96,0.67
050US13287,2.0,6.04,1.0
050US13295,13.0,6.95,1.0
050US15003,,,
050US16009,1.0,27.0,0.5
050US18003,96.0,3.92,1.0
050US17149,4.0,16.11,0.8
050US17159,5.0,7.15,1.0
050US17107,8.0,5.83,1.0
050US17115,34.0,3.99,1.0
050US17121,10.0,10.98,0.83
050US17131,4.0,9.83,1.0
050US17135,8.0,3.91,1.0
050US17145,6.0,9.33,1.0
050US13233,7.0,5.75,1.0
050US13239,1.0,12.41,1.0
050US18031,5.0,17.16,0.83
050US18037,7.0,5.77,1.0
050US18041,7.0,5.63,1.0
050US18055,9.0,6.48,1.0
050US18065,13.0,5.01,1.0
050US18075,7.0,11.62,1.0
050US18085,19.0,9.97,1.0
050US18091,29.0,6.25,1.0
050US18109,13.0,8.18,1.0
050US16019,20.0,4.02,0.95
050US16021,1.0,16.12,0.5
050US16045,3.0,7.02,1.0
050US17029,12.0,6.2,1.0
050US18181,8.0,13.36,1.0
050US19007,5.0,11.06,1.0
050US19017,7.0,12.08,0.88
050US19025,3.0,13.56,0.75
050US18095,37.0,4.74,1.0
050US18097,224.0,2.18,1.0
050US17173,5.0,14.93,0.83
050US17177,13.0,8.66,1.0
050US16075,4.0,5.13,1.0
050US17005,3.0,15.64,0.75
050US19103,24.0,1.91,1.0
050US19117,4.0,7.41,1.0
050US19127,10.0,7.28,1.0
050US19131,3.0,0.0,1.0
050US20105,1.0,0.0,1.0
050US20109,1.0,0.0,1.0
050US20111,8.0,7.87,1.0
050US20113,7.0,7.93,1.0
050US19135,3.0,8.68,1.0
050US19041,4.0,10.44,1.0
050US18017,11.0,9.95,1.0
050US20049,0.0,47.11,0.0
050US20057,7.0,5.33,1.0
050US18115,2.0,6.12,1.0
050US18119,4.0,16.36,0.8
050US18121,4.0,14.78,1.0
050US20091,130.0,2.19,1.0
050US20097,1.0,0.0,1.0
050US20101,1.0,0.0,1.0
050US19049,15.0,6.83,1.0
050US18133,7.0,9.21,1.0
050US18157,37.0,3.54,1.0
050US18111,4.0,12.42,1.0
050US17021,9.0,9.33,0.9
050US19159,2.0,11.92,1.0
050US19165,4.0,5.53,1.0
050US20063,1.0,25.11,0.5
050US20073,2.0,23.13,0.67
050US20077,3.0,9.28,1.0
050US20085,3.0,14.06,1.0
050US19169,20.0,3.72,1.0
050US19189,3.0,9.86,1.0
050US20001,5.0,8.08,1.0
050US20009,8.0,8.68,1.0
050US20015,13.0,6.79,1.0
050US20025,1.0,0.0,1.0
050US20029,3.0,15.83,0.75
050US20043,3.0,9.32,1.0
050US40045,1.0,15.34,0.5
050US48309,50.0,5.98,0.98
050US48337,6.0,9.69,1.0
050US48355,82.0,3.2,1.0
050US51720,1.0,0.0,1.0
050US51740,31.0,3.05,1.0
050US18143,5.0,5.85,1.0
050US18171,2.0,15.38,1.0
050US18177,17.0,7.59,1.0
050US19097,6.0,7.35,1.0
050US19141,4.0,4.84,1.0
050US19055,4.0,14.94,1.0
050US19073,4.0,9.79,1.0
050US19079,5.0,3.43,1.0
050US40041,9.0,10.6,1.0
050US46111,0.0,36.68,0.0
050US51810,100.0,2.53,1.0
050US20087,4.0,7.24,1.0
050US20089,1.0,18.22,0.5
050US46109,3.0,20.75,0.75
050US46121,1.0,20.32,0.5
050US53051,3.0,31.41,0.6
050US53059,3.0,31.31,0.6
050US54011,29.0,3.0,1.0
050US23011,30.0,7.1,0.97
050US24019,8.0,13.59,0.8
050US38103,1.0,18.35,0.5
050US30101,0.0,51.22,0.0
050US31003,3.0,5.93,1.0
050US48275,2.0,14.57,1.0
050US31029,1.0,0.0,1.0
050US24025,57.0,3.76,1.0
050US24035,14.0,10.82,1.0
050US25009,163.0,2.15,1.0
050US26015,11.0,10.78,1.0
050US38045,2.0,0.0,1.0
050US38051,1.0,0.0,1.0
050US38095,1.0,0.0,1.0
050US38101,12.0,7.44,0.92
050US25003,38.0,7.53,0.97
050US25011,18.0,6.95,1.0
050US25021,130.0,1.85,1.0
050US26159,16.0,7.53,1.0
050US26165,8.0,5.46,1.0
050US40151,2.0,15.48,0.67
050US42073,28.0,4.33,1.0
050US42083,12.0,5.01,1.0
050US48441,38.0,3.41,1.0
050US48451,25.0,4.58,1.0
050US55123,7.0,9.8,1.0
050US47115,6.0,5.21,1.0
050US47125,39.0,3.41,1.0
050US51153,82.0,3.27,0.99
050US46015,1.0,17.74,0.5
050US46035,4.0,5.63,1.0
050US46039,2.0,4.63,1.0
050US46049,1.0,0.0,1.0
050US51075,5.0,13.35,1.0
050US45001,6.0,10.4,1.0
050US48045,1.0,0.0,1.0
050US51181,1.0,25.61,0.5
050US29005,2.0,0.0,1.0
050US29009,6.0,17.25,0.86
050US39159,10.0,6.33,1.0
050US31171,0.0,75.71,0.0
050US48145,6.0,7.28,1.0
050US36057,16.0,4.99,1.0
050US36067,140.0,3.2,1.0
050US39105,6.0,14.88,1.0
050US27153,7.0,9.98,0.88
050US27157,6.0,13.44,1.0
050US28013,5.0,4.89,1.0
050US26023,12.0,10.43,1.0
050US37001,36.0,6.22,1.0
050US55077,5.0,10.06,1.0
050US29203,1.0,20.92,0.5
050US29133,4.0,1.69,1.0
050US29149,3.0,0.0,1.0
050US31031,1.0,36.82,0.5
050US31035,2.0,9.9,1.0
050US31037,3.0,11.51,1.0
050US38027,1.0,0.0,1.0
050US13205,5.0,4.73,1.0
050US13315,4.0,3.43,1.0
050US16033,0.0,62.02,0.0
050US17043,216.0,2.31,1.0
050US47101,2.0,7.18,1.0
050US48385,0.0,76.8,0.0
050US48399,4.0,16.74,1.0
050US55085,11.0,14.2,0.79
050US40131,28.0,8.06,1.0
050US48093,4.0,7.38,1.0
050US36019,18.0,7.1,0.95
050US31051,2.0,10.46,1.0
050US41025,1.0,25.7,0.5
050US47087,3.0,15.67,0.75
050US28023,4.0,13.11,1.0
050US48485,37.0,3.11,1.0
050US48489,5.0,12.89,0.83
050US50025,17.0,13.1,0.94
050US21075,2.0,0.0,1.0
050US21083,9.0,12.21,1.0
050US26027,11.0,10.02,1.0
050US30067,5.0,13.85,0.83
050US30095,0.0,52.47,0.0
050US36073,11.0,7.58,1.0
050US48049,12.0,3.14,1.0
050US48069,3.0,14.93,1.0
050US13273,4.0,6.12,1.0
050US45081,5.0,9.96,1.0
050US46005,6.0,9.27,1.0
050US46011,6.0,8.02,1.0
050US29021,25.0,5.6,1.0
050US29035,2.0,12.92,1.0
050US26037,21.0,10.12,0.95
050US26051,7.0,19.3,0.78
050US40001,4.0,12.44,0.8
050US40005,4.0,13.18,1.0
050US40033,2.0,14.76,1.0
050US08053,0.0,98.01,0.0
050US12031,174.0,2.05,1.0
050US12119,18.0,7.91,0.95
050US13073,20.0,5.63,1.0
050US55105,38.0,3.6,1.0
050US55119,3.0,23.56,0.5
050US41011,13.0,9.57,0.93
050US51079,3.0,7.0,1.0
050US32013,4.0,7.33,1.0
050US27095,7.0,6.54,1.0
050US27101,3.0,6.7,1.0
050US27109,33.0,3.51,1.0
050US27125,1.0,19.08,0.5
050US54049,18.0,3.81,1.0
050US54073,2.0,0.0,1.0
050US55067,4.0,17.71,0.67
050US55073,25.0,9.29,0.93
050US17137,9.0,8.54,0.9
050US42121,16.0,6.68,1.0
050US44001,11.0,1.82,1.0
050US48107,3.0,10.73,1.0
050US39099,70.0,2.45,1.0
050US39103,37.0,5.01,1.0
050US32009,0.0,98.56,0.0
050US41027,4.0,11.72,1.0
050US41049,1.0,15.02,0.5
050US48507,2.0,20.31,0.5
050US49009,0.0,95.72,0.0
050US49021,7.0,9.47,0.88
050US56041,2.0,14.68,0.67
050US51011,3.0,9.21,1.0
050US51025,5.0,13.03,1.0
050US21045,5.0,18.75,1.0
050US21113,9.0,2.96,1.0
050US21141,6.0,7.66,1.0
050US41059,13.0,13.68,0.87
050US40017,29.0,3.6,1.0
050US56045,1.0,15.56,0.5
050US23019,42.0,10.8,0.91
050US51043,3.0,9.04,1.0
050US48251,28.0,8.64,1.0
050US51135,4.0,6.83,1.0
050US22095,11.0,6.16,1.0
050US22125,1.0,29.62,0.33
050US26061,11.0,10.02,0.92
050US48231,19.0,9.72,1.0
050US48279,3.0,20.75,0.6
050US04003,28.0,12.17,0.88
050US29081,2.0,10.68,0.67
050US31023,3.0,9.85,1.0
050US37189,13.0,10.43,1.0
050US38007,0.0,64.75,0.0
050US51630,6.0,1.1,1.0
050US42013,34.0,2.22,1.0
050US42117,9.0,9.97,0.9
050US26065,81.0,3.15,1.0
050US29167,3.0,9.56,0.75
050US19191,5.0,13.24,1.0
050US29085,3.0,14.03,1.0
050US40035,5.0,8.4,1.0
050US49027,2.0,11.84,0.67
050US50009,2.0,28.35,0.67
050US47139,5.0,5.12,1.0
050US47153,2.0,21.95,0.67
050US48497,11.0,10.76,1.0
050US13223,19.0,4.96,1.0
050US55127,22.0,5.76,1.0
050US56001,10.0,5.4,1.0
050US56005,6.0,11.88,0.86
050US21201,0.0,30.32,0.0
050US20023,1.0,0.0,1.0
050US47169,2.0,3.43,1.0
050US50019,8.0,14.72,0.8
050US48413,0.0,39.23,0.0
050US46059,2.0,2.26,1.0
050US46063,0.0,89.05,0.0
050US46077,1.0,16.0,0.5
050US46087,2.0,0.0,1.0
050US46089,1.0,0.0,1.0
050US56015,3.0,24.9,0.75
050US47177,9.0,9.09,1.0
050US48017,1.0,0.0,1.0
050US48131,1.0,34.12,0.33
050US48143,8.0,8.65,1.0
050US42011,90.0,3.21,1.0
050US42019,43.0,5.28,0.98
050US42105,5.0,11.55,1.0
050US42115,10.0,14.86,0.91
050US51049,2.0,11.13,1.0
050US26017,26.0,4.54,0.96
050US51685,2.0,5.69,1.0
050US48163,3.0,7.06,1.0
050US48165,3.0,8.12,1.0
050US48179,7.0,2.19,1.0
050US28047,46.0,2.85,1.0
050US48285,6.0,4.11,1.0
050US48303,68.0,1.83,1.0
050US51540,12.0,1.61,1.0
050US51570,5.0,0.49,1.0
050US51610,3.0,0.0,1.0
050US02060,,,
050US02068,0.0,129.12,0.0
050US02188,1.0,1045.1,0.5
050US02230,0.0,583.74,0.0
050US02275,1.0,0.0,1.0
050US30019,0.0,62.08,0.0
050US39025,40.0,4.64,1.0
050US39053,6.0,15.22,0.86
050US39067,5.0,10.06,1.0
050US31153,43.0,2.34,1.0
050US02013,,,
050US40093,2.0,20.66,0.67
050US40103,4.0,9.51,1.0
050US40053,2.0,12.48,1.0
050US31081,3.0,8.48,1.0
050US31109,74.0,2.97,1.0
050US31119,9.0,0.47,1.0
050US01057,5.0,9.97,1.0
050US01111,4.0,13.79,0.67
050US05021,5.0,7.47,0.83
050US05023,5.0,17.92,0.71
050US05037,5.0,11.41,0.83
050US27071,3.0,29.57,0.75
050US19197,5.0,5.42,1.0
050US20013,3.0,4.36,1.0
050US40107,4.0,14.14,1.0
050US31053,9.0,3.34,1.0
050US31123,1.0,0.0,1.0
050US21041,3.0,11.74,1.0
050US39135,12.0,11.11,1.0
050US39119,19.0,5.18,1.0
050US05051,20.0,4.66,1.0
050US31095,3.0,2.61,1.0
050US29173,2.0,31.67,0.67
050US40021,9.0,8.05,1.0
050US36079,19.0,4.64,1.0
050US36097,4.0,17.62,0.8
050US29011,3.0,12.52,1.0
050US39127,6.0,8.0,1.0
050US20045,22.0,3.01,1.0
050US20051,6.0,8.5,1.0
050US20055,12.0,2.76,1.0
050US29177,4.0,10.95,1.0
050US28153,3.0,18.27,0.75
050US28159,5.0,14.65,1.0
050US28161,2.0,11.28,0.67
050US20173,123.0,3.1,0.99
050US20177,43.0,3.61,1.0
050US20185,1.0,17.96,0.5
050US29017,2.0,20.74,0.67
050US29047,44.0,2.86,1.0
050US20059,5.0,6.13,1.0
050US39163,3.0,15.55,1.0
050US29105,6.0,6.14,1.0
050US29109,7.0,6.89,1.0
050US31137,3.0,5.52,1.0
050US33003,10.0,17.8,0.91
050US39009,15.0,5.58,1.0
050US19181,12.0,6.64,1.0
050US19185,3.0,13.84,1.0
050US19187,12.0,4.28,1.0
050US21207,5.0,6.93,1.0
050US38065,1.0,0.0,1.0
050US06111,172.0,3.16,0.99
050US08009,2.0,12.5,1.0
050US08011,1.0,0.0,1.0
050US08017,1.0,0.0,1.0
050US29125,2.0,10.22,0.67
050US31133,1.0,0.0,1.0
050US20175,4.0,9.47,0.8
050US22023,0.0,50.71,0.0
050US22041,5.0,17.08,0.83
050US22051,126.0,2.95,0.99
050US22075,3.0,46.35,0.33
050US39171,9.0,6.96,1.0
050US20017,0.0,40.32,0.0
050US20183,2.0,1.93,1.0
050US20189,2.0,7.98,1.0
050US20037,11.0,6.21,1.0
050US20027,2.0,3.72,1.0
050US20031,3.0,9.01,1.0
050US29223,2.0,35.39,0.5
050US29510,106.0,2.09,1.0
050US21021,7.0,5.07,1.0
050US36107,9.0,8.32,0.9
050US20159,3.0,12.97,1.0
050US20169,12.0,4.37,1.0
050US21137,6.0,7.83,1.0
050US39147,14.0,9.54,1.0
050US39153,135.0,2.86,1.0
050US40037,21.0,6.92,1.0
050US34037,41.0,6.22,1.0
050US32023,7.0,42.79,0.7
050US32510,14.0,2.11,1.0
050US40039,5.0,1.41,1.0
050US40043,3.0,0.0,1.0
050US39131,6.0,9.98,1.0
050US29077,62.0,2.81,1.0
050US28115,6.0,9.34,1.0
050US28129,2.0,22.31,0.67
050US31177,5.0,8.95,1.0
050US20125,13.0,4.97,1.0
050US20209,70.0,4.29,1.0
050US21001,7.0,12.83,1.0
050US21077,2.0,12.26,1.0
050US23021,7.0,18.95,0.88
050US24009,19.0,7.21,1.0
050US06103,9.0,13.42,0.82
050US40009,4.0,4.71,1.0
050US40019,11.0,8.57,1.0
050US31041,4.0,6.05,1.0
050US38089,7.0,5.45,0.88
050US26131,2.0,30.49,0.5
050US38061,3.0,9.65,1.0
050US29001,7.0,6.25,1.0
050US51790,6.0,1.46,1.0
050US40069,2.0,24.98,0.67
050US46097,1.0,0.0,1.0
050US21171,4.0,5.26,1.0
050US26075,38.0,6.03,1.0
050US26079,4.0,11.34,0.8
050US26095,1.0,28.14,0.25
050US26133,5.0,16.3,0.83
050US26143,10.0,7.71,1.0
050US39007,26.0,7.36,1.0
050US36121,11.0,9.94,1.0
050US37121,4.0,5.38,1.0
050US37141,16.0,9.65,1.0
050US39073,7.0,8.04,1.0
050US39077,13.0,8.36,1.0
050US46099,41.0,3.45,0.98
050US54015,3.0,17.06,1.0
050US26119,4.0,11.39,0.8
050US21103,5.0,13.89,1.0
050US36033,12.0,16.08,0.86
050US36051,15.0,6.28,1.0
050US31055,156.0,2.22,1.0
050US40047,12.0,5.37,1.0
050US13047,11.0,6.46,1.0
050US20131,3.0,9.12,1.0
050US20141,1.0,0.0,1.0
050US31047,7.0,5.33,1.0
050US47039,4.0,10.66,1.0
050US55025,107.0,2.54,1.0
050US39129,13.0,9.02,1.0
050US39019,7.0,14.79,1.0
050US35003,0.0,133.16,0.0
050US35021,0.0,114.97,0.0
050US35037,3.0,6.52,1.0
050US20193,2.0,11.07,1.0
050US21013,8.0,8.53,0.89
050US39097,12.0,7.76,1.0
050US28067,14.0,10.5,1.0
050US21173,6.0,4.53,1.0
050US29119,4.0,5.17,1.0
050US31161,1.0,18.45,0.5
050US55039,20.0,5.12,1.0
050US55059,36.0,4.13,1.0
050US39151,86.0,3.07,1.0
050US40031,31.0,6.18,0.97
050US28071,9.0,9.72,0.9
050US28085,6.0,15.64,1.0
050US39083,12.0,8.28,1.0
050US39091,11.0,8.79,1.0
050US29061,0.0,36.94,0.0
050US29067,1.0,34.4,0.33
050US40121,11.0,10.49,0.85
050US40127,2.0,18.41,0.67
050US46125,2.0,0.0,1.0
050US21199,13.0,8.48,0.93
050US26149,17.0,4.86,1.0
050US39157,21.0,7.89,1.0
050US26153,2.0,28.36,0.5
050US26155,17.0,5.8,1.0
050US27081,2.0,0.0,1.0
050US39117,6.0,11.2,1.0
050US27033,4.0,3.87,1.0
050US27043,6.0,12.01,1.0
050US39143,15.0,3.62,1.0
050US46107,1.0,0.0,1.0
050US48365,5.0,14.12,0.83
050US53013,1.0,0.0,1.0
050US39165,33.0,4.19,1.0
050US39133,35.0,4.71,1.0
050US39013,20.0,4.28,1.0
050US31065,1.0,0.0,1.0
050US31071,1.0,0.0,1.0
050US31089,4.0,8.06,1.0
050US39107,9.0,7.14,1.0
050US39121,3.0,12.73,1.0
050US21227,24.0,5.08,1.0
050US53029,22.0,9.57,1.0
050US53035,55.0,6.3,1.0
050US53041,17.0,13.21,0.85
050US51830,3.0,2.16,1.0
050US55015,11.0,4.88,1.0
050US55021,12.0,5.06,1.0
050US39017,80.0,3.09,1.0
050US35047,5.0,16.72,0.71
050US35057,3.0,13.32,0.75
050US33013,36.0,5.93,1.0
050US39155,55.0,4.04,1.0
050US28133,7.0,10.47,1.0
050US22003,4.0,7.56,0.8
050US22021,3.0,5.96,1.0
050US18059,10.0,4.4,1.0
050US20021,6.0,9.29,1.0
050US27141,11.0,8.39,1.0
050US27147,8.0,4.68,1.0
050US27151,4.0,10.04,1.0
050US35061,18.0,7.98,1.0
050US21213,4.0,5.29,1.0
050US13235,3.0,8.88,1.0
050US13249,2.0,6.12,1.0
050US20147,3.0,13.87,1.0
050US20151,3.0,1.34,1.0
050US20153,1.0,0.0,1.0
050US17019,42.0,2.58,0.98
050US47131,10.0,6.46,1.0
050US13065,2.0,13.83,1.0
050US13161,3.0,8.6,1.0
050US21111,191.0,3.08,1.0
050US19171,5.0,11.73,0.83
050US12099,337.0,2.63,1.0
050US12067,2.0,13.22,1.0
050US22121,5.0,3.01,1.0
050US01053,9.0,6.56,1.0
050US01067,6.0,11.28,1.0
050US21129,3.0,10.25,1.0
050US19077,2.0,10.22,0.67
050US19081,4.0,7.33,1.0
050US19089,2.0,13.33,0.67
050US13011,4.0,6.5,1.0
050US27131,13.0,3.55,1.0
050US27135,4.0,11.67,0.8
050US42079,103.0,4.03,0.99
050US45011,5.0,13.14,0.83
050US47181,4.0,4.11,1.0
050US48009,1.0,25.64,0.33
050US50003,11.0,13.06,0.92
050US19167,7.0,4.43,1.0
050US13207,5.0,11.05,1.0
050US18173,11.0,6.22,1.0
050US17179,30.0,3.93,1.0
050US13057,26.0,2.31,1.0
050US17057,10.0,12.53,0.83
050US13085,3.0,5.36,1.0
050US08115,1.0,0.0,1.0
050US13225,6.0,4.61,1.0
050US05089,4.0,5.4,1.0
050US19173,3.0,7.48,1.0
050US48417,1.0,0.0,1.0
050US48421,0.0,42.68,0.0
050US48431,0.0,50.23,0.0
050US48435,1.0,0.0,1.0
050US42047,9.0,5.19,1.0
050US13253,3.0,8.1,1.0
050US13277,9.0,5.86,1.0
050US48369,2.0,27.56,1.0
050US48381,29.0,2.2,1.0
050US17041,5.0,8.87,1.0
050US05113,6.0,14.0,1.0
050US26125,338.0,2.33,1.0
050US21169,3.0,15.81,1.0
050US48487,4.0,5.66,1.0
050US48493,11.0,13.97,1.0
050US42075,31.0,5.46,1.0
050US24510,200.0,1.38,1.0
050US25019,6.0,6.47,1.0
050US36095,5.0,21.99,0.62
050US19095,4.0,0.0,1.0
050US19099,9.0,7.99,1.0
050US13015,15.0,11.13,1.0
050US47075,6.0,10.33,1.0
050US17051,6.0,16.34,0.86
050US05055,9.0,4.71,1.0
050US08014,18.0,3.08,1.0
050US05065,4.0,6.12,1.0
050US05071,6.0,11.7,1.0
050US19101,4.0,4.54,1.0
050US19105,5.0,2.92,1.0
050US19109,5.0,15.89,0.83
050US12019,30.0,4.07,1.0
050US12049,6.0,8.58,1.0
050US19057,11.0,4.27,1.0
050US20061,8.0,4.7,1.0
050US42123,13.0,8.52,1.0
050US13095,27.0,4.18,1.0
050US27083,7.0,8.25,1.0
050US19161,4.0,11.58,1.0
050US13049,1.0,21.2,0.5
050US42119,10.0,5.56,1.0
050US13177,5.0,10.34,1.0
050US36099,10.0,6.77,1.0
050US33001,15.0,4.9,1.0
050US08099,5.0,8.51,1.0
050US45037,6.0,12.16,1.0
050US29055,6.0,8.84,1.0
050US26001,4.0,20.15,0.67
050US13167,3.0,15.42,1.0
050US27093,6.0,10.9,1.0
050US27099,11.0,5.72,1.0
050US21145,17.0,3.18,1.0
050US26039,4.0,15.39,0.8
050US26045,28.0,4.36,1.0
050US08041,129.0,4.37,0.99
050US19137,4.0,6.64,1.0
050US13043,3.0,14.4,1.0
050US18069,9.0,6.54,1.0
050US18073,8.0,9.84,1.0
050US37087,15.0,11.08,0.94
050US37155,31.0,5.97,1.0
050US38105,4.0,20.68,0.57
050US48139,31.0,7.49,1.0
050US48403,2.0,10.9,0.67
050US48481,11.0,5.46,1.0
050US41001,3.0,35.08,0.5
050US41045,5.0,42.11,0.62
050US42063,23.0,8.51,1.0
050US45053,4.0,8.96,0.8
050US18029,10.0,9.8,1.0
050US18131,4.0,13.75,1.0
050US18139,5.0,12.94,1.0
050US08047,1.0,0.0,1.0
050US08089,7.0,6.58,1.0
050US19047,5.0,17.76,1.0
050US40061,2.0,24.16,0.5
050US29137,3.0,6.47,1.0
050US31169,2.0,7.88,1.0
050US47161,4.0,26.26,0.8
050US17023,4.0,7.36,1.0
050US19043,6.0,4.46,1.0
050US19053,3.0,8.41,1.0
050US20171,1.0,0.0,1.0
050US19133,4.0,6.6,1.0
050US26019,6.0,12.2,1.0
050US26035,10.0,17.54,0.91
050US20071,0.0,46.84,0.0
050US20123,1.0,21.0,0.5
050US42065,13.0,8.37,1.0
050US44003,39.0,3.57,1.0
050US17061,5.0,5.68,1.0
050US18105,31.0,5.11,1.0
050US18117,6.0,7.07,1.0
050US18137,6.0,7.2,1.0
050US05083,5.0,8.65,0.83
050US40081,7.0,5.22,1.0
050US19071,3.0,0.0,1.0
050US19023,4.0,18.57,0.8
050US19029,5.0,9.69,1.0
050US08103,2.0,0.0,1.0
050US08109,2.0,10.25,1.0
050US05031,17.0,3.19,1.0
050US26009,8.0,9.13,1.0
050US27117,5.0,7.6,1.0
050US27121,4.0,10.47,1.0
050US27041,8.0,13.52,0.89
050US19115,3.0,5.97,1.0
050US19125,8.0,9.43,1.0
050US13187,4.0,11.61,1.0
050US17009,2.0,3.2,1.0
050US08119,4.0,25.06,0.67
050US12001,56.0,4.43,1.0
050US09015,25.0,6.15,1.0
050US12027,9.0,7.82,1.0
050US05123,5.0,12.56,0.83
050US26011,6.0,17.45,0.86
050US18043,20.0,3.99,1.0
050US21215,4.0,10.35,1.0
050US21221,4.0,20.12,0.8
050US22059,3.0,5.9,1.0
050US22073,40.0,4.08,1.0
050US22083,6.0,5.18,1.0
050US22087,17.0,5.37,0.94
050US40071,11.0,4.34,1.0
050US09003,224.0,2.82,1.0
050US05141,4.0,17.35,0.8
050US26117,13.0,9.02,1.0
050US26121,43.0,5.07,1.0
050US49055,0.0,116.68,0.0
050US42081,27.0,7.8,0.93
050US19061,26.0,5.25,1.0
050US19067,5.0,9.39,1.0
050US19139,10.0,4.8,1.0
050US19143,2.0,11.97,1.0
050US19153,98.0,2.69,1.0
050US19157,5.0,9.36,1.0
050US26101,7.0,14.55,0.7
050US19005,5.0,14.31,1.0
050US19013,38.0,3.89,1.0
050US19019,6.0,10.3,1.0
050US20139,5.0,13.05,1.0
050US42069,59.0,1.62,1.0
050US40115,9.0,7.94,1.0
050US27045,4.0,10.1,0.67
050US27123,137.0,2.27,1.0
050US13099,5.0,7.37,1.0
050US16053,5.0,7.31,1.0
050US54061,24.0,3.38,1.0
050US42007,51.0,5.06,1.0
050US48353,4.0,9.04,0.8
050US48357,3.0,1.1,1.0
050US48367,19.0,8.72,1.0
050US54069,18.0,3.07,1.0
050US28037,2.0,14.21,1.0
050US28041,2.0,0.0,1.0
050US48221,10.0,8.12,1.0
050US48227,10.0,6.72,1.0
050US38087,0.0,73.55,0.0
050US13089,145.0,3.04,1.0
050US12061,31.0,2.84,1.0
050US13285,13.0,7.23,0.93
050US17085,5.0,10.85,0.83
050US17089,82.0,2.34,1.0
050US45039,4.0,19.28,0.8
050US13115,19.0,5.17,0.95
050US42021,42.0,3.14,1.0
050US18141,75.0,3.39,1.0
050US18149,7.0,9.73,1.0
050US13125,1.0,25.69,1.0
050US13255,12.0,7.0,1.0
050US13259,2.0,10.66,1.0
050US08081,3.0,15.24,0.75
050US27001,3.0,19.34,0.5
050US42037,15.0,3.84,1.0
050US17069,2.0,8.45,1.0
050US17151,1.0,17.39,0.5
050US26077,57.0,3.6,1.0
050US42107,40.0,4.75,1.0
050US17071,3.0,6.17,1.0
050US30037,0.0,77.63,0.0
050US30051,1.0,0.0,1.0
050US27005,9.0,15.65,0.9
050US38023,0.0,93.39,0.0
050US51173,9.0,7.91,1.0
050US01077,21.0,4.46,0.95
050US01083,16.0,5.08,1.0
050US13067,120.0,2.25,1.0
050US13081,6.0,7.34,1.0
050US37097,44.0,6.12,1.0
050US37169,9.0,7.99,1.0
050US51510,38.0,2.1,1.0
050US51013,59.0,1.64,1.0
050US13165,2.0,7.96,1.0
050US26073,14.0,9.56,0.93
050US18005,15.0,3.61,1.0
050US18015,6.0,16.28,0.86
050US16071,1.0,0.0,1.0
050US17167,53.0,3.45,1.0
050US18163,49.0,2.05,1.0
050US18165,5.0,12.71,1.0
050US18169,8.0,7.41,1.0
050US54055,16.0,6.22,1.0
050US13299,9.0,6.42,1.0
050US26093,61.0,8.19,1.0
050US17203,9.0,10.32,1.0
050US08085,10.0,6.69,1.0
050US12021,74.0,2.46,1.0
050US12051,6.0,10.13,0.86
050US17147,4.0,11.78,1.0
050US48097,8.0,8.32,1.0
050US48113,529.0,1.99,1.0
050US13307,2.0,7.98,1.0
050US17141,11.0,9.43,1.0
050US17157,9.0,7.6,1.0
050US47109,7.0,9.97,1.0
050US47113,27.0,6.92,1.0
050US48445,3.0,4.39,1.0
050US48483,2.0,0.0,1.0
050US53039,2.0,13.39,0.67
050US54035,6.0,10.9,1.0
050US48127,2.0,14.32,1.0
050US27133,3.0,8.75,1.0
050US54101,3.0,0.0,1.0
050US55005,9.0,7.41,0.9
050US17165,8.0,9.29,0.89
050US18001,7.0,5.79,1.0
050US01125,47.0,4.18,1.0
050US04017,,,
050US56019,1.0,17.94,0.5
050US55089,19.0,4.63,1.0
050US39001,6.0,9.54,1.0
050US28091,6.0,10.04,1.0
050US51045,1.0,0.0,1.0
050US51580,2.0,2.54,1.0
050US51600,5.0,0.81,1.0
050US17081,11.0,9.19,1.0
050US13035,3.0,8.23,1.0
050US27019,19.0,4.25,1.0
050US27029,3.0,7.15,1.0
050US39169,32.0,6.95,1.0
050US42001,23.0,5.92,1.0
050US28095,9.0,7.17,1.0
050US47133,7.0,12.95,1.0
050US49041,4.0,7.86,0.8
050US26043,6.0,10.36,0.86
050US26057,10.0,9.64,1.0
050US26067,13.0,6.22,1.0
050US36069,25.0,4.78,1.0
050US28105,8.0,3.27,1.0
050US31039,3.0,6.05,1.0
050US13193,3.0,14.05,0.75
050US16001,59.0,2.18,1.0
050US26087,23.0,11.5,0.96
050US26091,23.0,4.72,1.0
050US21127,4.0,20.38,0.8
050US13293,7.0,7.85,1.0
050US17133,6.0,3.29,1.0
050US47043,10.0,10.18,1.0
050US54097,6.0,3.32,1.0
050US45023,11.0,7.27,1.0
050US50007,35.0,4.39,1.0
050US31113,0.0,36.62,0.0
050US42009,10.0,7.16,0.91
050US18079,6.0,6.02,1.0
050US17181,5.0,13.59,1.0
050US17191,4.0,12.15,0.8
050US17195,18.0,5.19,1.0
050US42053,3.0,8.15,1.0
050US48149,6.0,11.0,0.86
050US48155,0.0,34.72,0.0
050US48183,25.0,2.67,1.0
050US50011,10.0,7.82,1.0
050US26005,24.0,8.43,0.96
050US18093,10.0,6.63,1.0
050US05047,2.0,13.61,0.67
050US13055,6.0,7.8,1.0
050US05137,2.0,18.46,0.67
050US08061,1.0,0.0,1.0
050US08075,5.0,10.85,0.83
050US48189,9.0,1.01,1.0
050US40007,3.0,15.97,1.0
050US13321,5.0,12.67,1.0
050US17109,10.0,7.99,1.0
050US17113,40.0,6.23,0.98
050US26025,38.0,4.56,0.97
050US13101,1.0,24.76,0.5
050US17099,28.0,5.02,1.0
050US17103,9.0,9.26,1.0
050US17105,10.0,7.9,1.0
050US51197,5.0,13.48,0.83
050US37179,41.0,4.27,1.0
050US17123,5.0,7.05,1.0
050US13109,3.0,6.27,1.0
050US48397,11.0,2.8,1.0
050US18155,2.0,17.44,0.67
050US37025,37.0,3.33,1.0
050US37035,31.0,3.66,1.0
050US13211,5.0,12.55,1.0
050US40105,4.0,7.1,1.0
050US40111,10.0,5.75,1.0
050US26031,8.0,25.89,0.89
050US54089,4.0,18.85,1.0
050US51115,3.0,10.9,1.0
050US51169,6.0,2.46,1.0
050US17083,5.0,13.2,0.83
050US39071,9.0,10.42,1.0
050US39079,7.0,3.18,1.0
050US48267,2.0,3.78,1.0
050US28117,5.0,11.44,1.0
050US28125,2.0,5.26,1.0
050US29135,4.0,6.68,1.0
050US48271,1.0,0.0,1.0
050US51650,34.0,2.81,1.0
050US37143,2.0,14.97,0.67
050US29221,3.0,15.36,0.6
050US39069,7.0,9.86,1.0
050US29075,1.0,15.92,0.5
050US29079,4.0,9.2,1.0
050US29165,20.0,4.99,1.0
050US17111,52.0,3.98,1.0
050US30107,0.0,79.11,0.0
050US46047,2.0,10.24,1.0
050US37191,26.0,3.57,1.0
050US38001,1.0,0.0,1.0
050US29225,8.0,7.98,1.0
050US36085,111.0,1.74,1.0
050US28059,29.0,4.97,1.0
050US29093,3.0,10.48,0.75
050US56037,11.0,17.33,0.92
050US54079,10.0,4.81,1.0
050US39089,32.0,4.54,1.0
050US45085,22.0,8.49,0.96
050US46007,2.0,11.88,1.0
050US18089,118.0,2.94,1.0
050US18107,9.0,11.18,1.0
050US18161,2.0,9.73,1.0
050US19021,5.0,15.08,0.83
050US36117,23.0,5.0,1.0
050US48177,4.0,16.97,0.67
050US48191,1.0,0.0,1.0
050US48219,7.0,11.63,1.0
050US12005,44.0,3.72,1.0
050US48257,18.0,6.81,1.0
050US31021,3.0,14.0,1.0
050US36011,19.0,7.42,0.95
050US31141,7.0,4.55,1.0
050US31145,3.0,5.3,1.0
050US31149,0.0,39.65,0.0
050US48247,2.0,9.8,1.0
050US48021,9.0,10.44,0.9
050US29111,4.0,9.84,1.0
050US53001,4.0,7.67,0.8
050US53063,105.0,3.82,1.0
050US40153,5.0,1.08,1.0
050US17139,4.0,13.27,1.0
050US55091,1.0,17.4,0.5
050US37033,5.0,18.4,0.83
050US37185,6.0,8.31,1.0
050US37187,2.0,16.71,0.67
050US33005,16.0,8.41,1.0
050US35001,153.0,2.9,1.0
050US28107,5.0,15.09,0.83
050US36027,79.0,3.96,1.0
050US17193,5.0,9.82,1.0
050US18047,5.0,14.92,1.0
050US02185,,,
050US05111,7.0,3.31,1.0
050US38015,17.0,7.24,0.89
050US29025,1.0,21.98,0.5
050US29091,7.0,8.23,0.88
050US20191,5.0,10.38,0.83
050US21039,3.0,4.37,1.0
050US48197,1.0,0.0,1.0
050US31067,7.0,2.29,1.0
050US31077,1.0,0.0,1.0
050US46065,4.0,5.99,1.0
050US54051,9.0,5.85,1.0
050US31097,2.0,7.74,1.0
050US20145,2.0,14.58,1.0
050US26123,10.0,9.55,0.91
050US31127,2.0,4.64,1.0
050US37109,18.0,6.47,1.0
050US37197,7.0,11.05,1.0
050US31083,1.0,0.0,1.0
050US31093,2.0,9.46,1.0
050US55071,20.0,5.64,1.0
050US42113,1.0,21.48,0.5
050US48209,24.0,6.26,0.96
050US48233,7.0,3.72,1.0
050US48307,3.0,10.66,1.0
050US31173,2.0,7.3,1.0
050US31175,2.0,4.3,1.0
050US35006,5.0,14.71,0.71
050US35009,11.0,7.02,0.92
050US31131,5.0,6.53,1.0
050US31139,2.0,9.07,1.0
050US48123,5.0,6.94,1.0
050US48125,1.0,0.0,1.0
050US51680,19.0,3.29,1.0
050US51683,7.0,1.24,1.0
050US13005,3.0,6.02,1.0
050US13045,17.0,7.24,1.0
050US21163,8.0,11.89,1.0
050US21191,3.0,14.54,1.0
050US39051,9.0,5.83,1.0
050US30065,0.0,83.18,0.0
050US35013,40.0,8.0,0.98
050US55083,10.0,12.91,0.91
050US48077,3.0,15.06,1.0
050US48081,0.0,51.91,0.0
050US40099,3.0,1.53,1.0
050US13087,7.0,11.76,1.0
050US27155,2.0,0.0,1.0
050US27159,2.0,12.47,0.67
050US27169,10.0,7.85,1.0
050US36049,7.0,13.14,1.0
050US39059,10.0,11.1,1.0
050US05027,5.0,3.68,1.0
050US48087,1.0,0.0,1.0
050US48235,0.0,44.17,0.0
050US48243,0.0,51.78,0.0
050US48249,7.0,3.7,1.0
050US29181,4.0,18.3,1.0
050US31013,3.0,1.49,1.0
050US48281,4.0,12.54,0.8
050US48291,13.0,8.78,0.93
050US41009,9.0,8.98,0.9
050US28065,2.0,11.63,0.67
050US28069,1.0,15.21,0.5
050US29107,7.0,7.53,1.0
050US13061,1.0,0.0,1.0
050US28039,5.0,11.47,1.0
050US37081,119.0,3.68,1.0
050US37119,233.0,2.86,1.0
050US37171,22.0,7.74,1.0
050US28005,2.0,12.24,0.67
050US28113,7.0,9.45,0.88
050US17025,4.0,9.73,1.0
050US55049,6.0,11.98,1.0
050US48253,6.0,12.57,1.0
050US51550,41.0,3.85,1.0
050US46129,2.0,0.0,1.0
050US51065,3.0,8.1,0.75
050US51520,4.0,1.05,1.0
050US28063,2.0,24.48,1.0
050US28127,5.0,7.73,1.0
050US17049,7.0,7.35,0.88
050US01007,4.0,6.74,1.0
050US30097,1.0,0.0,1.0
050US01019,6.0,8.27,1.0
050US28015,1.0,19.59,0.5
050US55031,10.0,12.55,0.77
050US01085,3.0,23.63,0.75
050US55101,45.0,4.07,1.0
050US28135,3.0,11.16,0.75
050US28145,6.0,17.05,1.0
050US55129,5.0,14.44,1.0
050US46051,1.0,16.06,0.5
050US41057,8.0,16.74,0.89
050US46045,2.0,0.0,1.0
050US20081,1.0,0.0,1.0
050US20093,1.0,0.0,1.0
050US46043,1.0,0.0,1.0
050US29053,5.0,11.56,1.0
050US30103,0.0,52.37,0.0
050US35028,4.0,1.87,1.0
050US28019,3.0,9.05,1.0
050US37181,10.0,4.7,1.0
050US28073,8.0,1.58,1.0
050US46057,0.0,50.3,0.0
050US55135,12.0,10.37,1.0
050US28025,4.0,7.51,0.8
050US48085,152.0,1.62,1.0
050US48095,1.0,0.0,1.0
050US48111,1.0,38.49,0.5
050US48115,4.0,2.26,1.0
050US36021,21.0,12.48,1.0
050US30109,0.0,34.56,0.0
050US29131,5.0,6.18,1.0
050US28155,2.0,10.99,0.67
050US29039,3.0,4.88,1.0
050US48047,2.0,8.01,1.0
050US48105,0.0,42.74,0.0
050US28031,4.0,5.27,1.0
050US28035,17.0,5.81,1.0
050US05125,20.0,6.33,0.95
050US21143,2.0,18.13,0.67
050US39081,23.0,6.65,1.0
050US37005,3.0,12.25,1.0
050US34039,108.0,1.37,1.0
050US29051,15.0,7.49,1.0
050US21219,4.0,15.37,1.0
050US22049,4.0,13.68,0.8
050US06049,2.0,42.68,0.5
050US06087,53.0,3.99,1.0
050US17033,6.0,8.94,1.0
050US40119,17.0,2.25,1.0
050US29147,4.0,13.79,0.8
050US29151,1.0,27.58,0.25
050US46091,1.0,0.0,1.0
050US35027,3.0,31.66,0.6
050US35053,3.0,37.67,0.5
050US39031,10.0,10.38,1.0
050US39033,13.0,5.26,1.0
050US21073,11.0,4.77,1.0
050US28099,7.0,11.1,1.0
050US28147,3.0,5.63,1.0
050US51750,3.0,1.13,1.0
050US40123,9.0,10.37,0.9
050US27059,8.0,13.93,1.0
050US37041,3.0,8.22,1.0
050US39037,12.0,8.12,1.0
050US26105,8.0,14.94,0.89
050US48439,357.0,1.95,1.0
050US16055,24.0,5.69,0.96
050US39057,35.0,3.84,1.0
050US39065,7.0,8.96,1.0
050US29185,3.0,7.99,1.0
050US21047,19.0,7.35,1.0
050US21081,3.0,11.32,0.75
050US46103,22.0,7.81,0.96
050US37061,11.0,8.09,1.0
050US01045,14.0,8.3,1.0
050US31159,4.0,1.43,1.0
050US31165,0.0,51.23,0.0
050US31111,8.0,8.79,1.0
050US31115,1.0,28.6,1.0
050US56011,1.0,20.83,0.5
050US56017,2.0,5.0,1.0
050US56023,4.0,7.27,1.0
050US56027,1.0,0.0,1.0
050US12063,11.0,8.5,1.0
050US27055,5.0,7.53,1.0
050US01105,2.0,14.0,0.67
050US02122,9.0,26.69,0.69
050US25023,101.0,3.56,1.0
050US46061,1.0,17.64,1.0
050US47095,2.0,7.96,1.0
050US47099,11.0,10.58,1.0
050US56007,3.0,19.82,0.6
050US55093,8.0,13.05,1.0
050US55097,14.0,9.94,1.0
050US38039,1.0,0.0,1.0
050US46115,2.0,20.71,0.67
050US18049,6.0,13.31,1.0
050US18057,39.0,2.49,1.0
050US18077,7.0,4.76,1.0
050US18127,33.0,5.6,1.0
050US38029,1.0,0.0,1.0
050US38057,3.0,10.93,1.0
050US12101,134.0,3.84,1.0
050US47179,23.0,3.57,1.0
050US20163,2.0,0.0,1.0
050US39023,44.0,4.18,1.0
050US39139,30.0,4.25,1.0
050US30017,6.0,5.21,1.0
050US40129,1.0,0.0,1.0
050US40149,1.0,24.83,0.25
050US27085,7.0,6.4,1.0
050US31179,2.0,6.28,1.0
050US31183,0.0,32.2,0.0
050US32017,1.0,38.29,0.5
050US32021,0.0,80.24,0.0
050US32027,1.0,0.0,1.0
050US37003,7.0,9.65,1.0
050US35005,14.0,8.54,0.88
050US30021,2.0,15.79,0.67
050US49031,0.0,44.68,0.0
050US18019,26.0,4.63,1.0
050US38043,1.0,0.0,1.0
050US29083,6.0,11.0,1.0
050US39041,35.0,4.75,1.0
050US46037,3.0,15.08,1.0
050US47061,4.0,6.67,1.0
050US47069,6.0,7.58,1.0
050US47071,6.0,7.96,1.0
050US29097,22.0,4.23,1.0
050US32029,1.0,29.76,1.0
050US39027,9.0,5.66,1.0
050US21091,3.0,11.73,1.0
050US12081,78.0,3.39,0.99
050US41037,1.0,72.56,0.5
050US48121,137.0,2.47,1.0
050US48133,4.0,16.99,0.8
050US48269,0.0,48.13,0.0
050US48327,1.0,0.0,1.0
050US28101,5.0,2.67,1.0
050US29117,5.0,6.18,1.0
050US29121,4.0,11.31,0.8
050US46027,3.0,8.99,1.0
050US17055,12.0,4.66,1.0
050US16081,1.0,0.0,1.0
050US05079,4.0,8.78,1.0
050US20201,2.0,12.64,1.0
050US20205,4.0,6.56,1.0
050US48447,0.0,47.39,0.0
050US29139,4.0,17.9,1.0
050US47103,8.0,17.4,0.89
050US31121,3.0,11.75,1.0
050US31125,1.0,0.0,1.0
050US46135,5.0,7.39,1.0
050US05127,3.0,5.24,1.0
050US13199,4.0,12.24,1.0
050US21211,9.0,7.63,1.0
050US40091,6.0,9.95,1.0
050US19037,4.0,12.62,1.0
050US55141,16.0,9.18,0.94
050US30079,0.0,46.52,0.0
050US38019,0.0,47.22,0.0
050US38021,3.0,6.19,1.0
050US47027,2.0,11.32,1.0
050US47047,11.0,13.23,1.0
050US55027,20.0,8.47,1.0
050US21015,22.0,5.29,1.0
050US21087,4.0,14.0,1.0
050US20167,2.0,14.55,1.0
050US27035,15.0,10.35,0.94
050US18033,9.0,8.31,1.0
050US18039,36.0,2.86,1.0
050US36015,22.0,4.79,1.0
050US48305,3.0,8.67,1.0
050US13091,6.0,11.42,1.0
050US46033,2.0,14.91,1.0
050US36109,23.0,5.25,1.0
050US40085,3.0,9.01,1.0
050US37071,65.0,3.94,1.0
050US21019,13.0,2.08,1.0
050US12011,361.0,1.68,1.0
050US13119,5.0,6.33,1.0
050US19149,6.0,8.21,1.0
050US47023,3.0,7.25,1.0
050US08007,3.0,22.51,0.75
050US38083,1.0,0.0,1.0
050US20127,1.0,16.58,0.5
050US20129,1.0,0.0,1.0
050US20133,4.0,7.43,0.8
050US17013,1.0,21.68,0.5
050US12015,38.0,5.38,0.97
050US27017,6.0,10.07,0.86
050US31163,1.0,0.0,1.0
050US29141,4.0,11.71,0.8
050US29145,12.0,6.03,1.0
050US46031,0.0,108.12,0.0
050US36039,15.0,8.25,1.0
050US47083,3.0,11.46,1.0
050US55133,86.0,2.99,1.0
050US21009,10.0,8.92,1.0
050US29205,2.0,11.56,0.67
050US29211,3.0,10.68,1.0
050US48331,7.0,9.29,1.0
050US48363,7.0,14.07,0.78
050US36041,1.0,53.12,0.25
050US36093,43.0,2.24,1.0
050US28077,3.0,15.85,1.0
050US22089,13.0,7.84,1.0
050US22093,6.0,11.02,0.86
050US20187,1.0,0.0,1.0
050US23009,16.0,16.05,0.89
050US27049,10.0,8.97,1.0
050US13129,9.0,5.63,1.0
050US29007,7.0,4.83,1.0
050US42015,14.0,10.88,1.0
050US46029,7.0,6.28,1.0
050US28097,3.0,15.82,1.0
050US38009,2.0,15.49,0.67
050US38011,0.0,76.0,0.0
050US29215,3.0,8.62,0.75
050US29219,4.0,12.63,0.8
050US18045,4.0,13.14,0.8
050US27065,4.0,15.29,1.0
050US21035,9.0,6.75,1.0
050US21053,3.0,5.01,1.0
050US28111,3.0,8.54,1.0
050US29045,3.0,9.79,1.0
050US29073,5.0,5.74,1.0
050US54077,7.0,9.59,0.88
050US35041,5.0,7.19,1.0
050US44005,23.0,3.67,1.0
050US37073,3.0,14.44,1.0
050US38013,0.0,79.59,0.0
050US19051,2.0,12.84,1.0
050US05035,20.0,5.28,1.0
050US51760,66.0,2.66,1.0
050US53023,0.0,38.81,0.0
050US20003,2.0,13.19,1.0
050US20047,0.0,39.24,0.0
050US20119,2.0,3.72,1.0
050US20157,3.0,9.86,1.0
050US50015,6.0,15.5,0.86
050US40059,2.0,0.0,1.0
050US31063,1.0,0.0,1.0
050US41029,38.0,5.35,0.93
050US16011,7.0,14.21,0.88
050US38069,2.0,14.48,1.0
050US39005,11.0,7.2,1.0
050US17095,16.0,7.55,1.0
050US21157,6.0,9.98,1.0
050US40139,4.0,15.04,0.8
050US48137,0.0,76.38,0.0
050US48217,11.0,7.74,1.0
050US48299,5.0,9.76,0.83
050US18011,10.0,8.06,1.0
050US20121,8.0,11.64,1.0
050US31143,2.0,0.0,1.0
050US32005,16.0,10.26,0.94
050US31087,1.0,29.78,1.0
050US31117,0.0,48.36,0.0
050US42109,8.0,6.46,1.0
050US23005,66.0,22.44,0.99
050US17035,3.0,6.23,1.0
050US17039,5.0,8.15,1.0
050US20041,6.0,12.21,1.0
050US20137,1.0,0.0,1.0
050US42025,11.0,9.58,0.92
050US20179,2.0,2.86,1.0
050US26151,11.0,13.1,0.85
050US17079,3.0,8.24,1.0
050US51021,1.0,18.5,0.5
050US40109,241.0,2.34,1.0
050US40083,8.0,7.84,1.0
050US40137,11.0,6.08,1.0
050US29123,2.0,11.48,0.67
050US29187,11.0,6.93,1.0
050US41041,17.0,10.91,0.94
050US17155,2.0,8.64,1.0
050US18023,8.0,5.99,1.0
050US18063,21.0,3.94,1.0
050US18145,10.0,5.82,1.0
050US26161,100.0,3.79,1.0
050US38041,2.0,0.0,1.0
050US40063,5.0,9.41,1.0
050US35023,0.0,73.28,0.0
050US37157,21.0,7.34,1.0
050US37195,19.0,5.71,1.0
050US31181,2.0,0.0,1.0
050US37151,28.0,6.57,1.0
050US17101,5.0,5.49,1.0
050US12003,3.0,11.38,0.75
050US53003,6.0,6.04,1.0
050US19011,7.0,8.77,1.0
050US31007,1.0,25.2,1.0
050US40025,2.0,4.7,1.0
050US40147,13.0,5.5,1.0
050US41053,11.0,6.85,0.92
050US51840,5.0,0.65,1.0
050US13175,12.0,9.0,0.92
050US08123,76.0,5.8,0.99
050US27009,9.0,7.14,1.0
050US27057,5.0,18.24,0.71
050US26069,10.0,12.99,1.0
050US18135,8.0,14.68,1.0
050US31027,2.0,0.0,1.0
050US31043,4.0,3.74,1.0
050US55045,8.0,7.28,1.0
050US46025,0.0,58.52,0.0
050US17117,11.0,8.43,0.85
050US56009,3.0,17.51,0.75
050US42077,76.0,2.55,1.0
050US49053,21.0,2.75,1.0
050US18153,5.0,13.5,1.0
050US19123,7.0,7.65,1.0
050US21117,41.0,3.55,1.0
050US29186,3.0,12.3,0.75
050US31099,2.0,0.0,1.0
050US21105,1.0,0.0,1.0
050US13247,15.0,2.53,1.0
050US17077,14.0,7.1,1.0
050US18183,7.0,6.57,1.0
050US27007,8.0,15.17,0.8
050US19015,7.0,4.88,1.0
050US31045,2.0,12.68,1.0
050US29229,4.0,5.29,1.0
050US30041,4.0,26.12,0.67
050US31005,0.0,38.33,0.0
050US12043,2.0,27.8,0.5
050US39015,9.0,8.3,1.0
050US35025,17.0,8.32,0.94
050US38031,1.0,0.0,1.0
050US13147,5.0,5.83,1.0
050US05097,2.0,19.87,0.67
050US06105,2.0,54.71,0.4
050US08107,6.0,18.54,0.75
050US12103,246.0,1.73,1.0
050US13017,5.0,8.24,1.0
050US51183,5.0,13.6,1.0
050US13071,10.0,6.73,1.0
050US41063,2.0,22.14,0.67
050US39029,24.0,5.64,1.0
050US48027,64.0,5.1,0.98
050US19065,7.0,5.25,1.0
050US19093,3.0,10.68,1.0
050US13033,5.0,18.34,0.83
050US48375,34.0,3.3,1.0
050US48461,1.0,24.16,0.5
050US48495,3.0,2.7,1.0
050US19119,3.0,19.41,1.0
050US17087,4.0,11.34,1.0
050US51590,16.0,3.11,1.0
050US27079,6.0,9.77,1.0
050US42087,12.0,8.2,1.0
050US20007,2.0,0.0,1.0
050US20117,4.0,13.46,1.0
050US19121,3.0,3.6,1.0
050US19151,3.0,18.96,1.0
050US19179,11.0,6.73,1.0
050US27039,5.0,13.64,1.0
050US27063,4.0,15.17,1.0
050US48415,4.0,9.9,1.0
050US27111,15.0,11.67,0.88
050US27165,3.0,17.06,1.0
050US19107,3.0,20.51,0.75
050US20207,2.0,1.93,1.0
050US21061,4.0,19.34,1.0
050US38079,4.0,0.0,1.0
050US48193,3.0,3.98,1.0
050US48433,1.0,0.0,1.0
050US48505,3.0,3.75,1.0
050US13297,15.0,7.44,1.0
050US15005,2.0,0.0,1.0
050US19033,11.0,4.77,1.0
050US17201,77.0,2.83,1.0
050US19059,5.0,10.92,1.0
050US19183,5.0,2.32,1.0
050US20075,1.0,0.0,1.0
050US01011,3.0,15.99,1.0
050US39113,153.0,2.62,1.0
050US18167,28.0,4.24,1.0
050US37067,93.0,3.83,1.0
050US19063,3.0,11.79,0.75
050US27115,7.0,13.73,0.88
050US13231,4.0,14.17,1.0
050US26021,49.0,6.78,1.0
050US39141,17.0,9.62,1.0
050US51820,5.0,0.78,1.0
050US48059,3.0,6.1,1.0
050US55033,7.0,10.67,0.88
050US28045,7.0,10.68,0.88
050US27143,4.0,0.0,1.0
050US20039,2.0,11.56,1.0
050US27105,6.0,5.95,1.0
050US19177,2.0,11.12,1.0
050US20011,3.0,15.19,0.6
050US55087,39.0,4.94,0.98
050US39063,13.0,3.42,1.0
050US39149,10.0,7.98,1.0
050US28079,5.0,12.54,1.0
050US29155,6.0,7.08,1.0
050US54053,5.0,9.28,0.83
050US27149,3.0,8.64,1.0
050US36023,11.0,8.21,0.92
050US01003,30.0,7.37,0.94
050US01109,8.0,11.37,1.0
050US04015,38.0,10.26,0.88
050US05091,11.0,8.46,0.92
050US55017,11.0,6.98,1.0
050US55019,7.0,13.6,0.88
050US38047,1.0,0.0,1.0
050US38049,1.0,30.44,0.5
050US47171,4.0,4.13,1.0
050US26059,10.0,15.05,0.83
050US28139,4.0,5.66,1.0
050US26029,12.0,28.06,0.86
050US26111,18.0,6.9,0.95
050US35059,1.0,0.0,1.0
050US39085,59.0,4.57,1.0
050US35031,6.0,39.82,0.35
050US41071,17.0,6.49,1.0
050US27025,9.0,7.75,0.9
050US12085,36.0,4.38,1.0
050US40029,2.0,10.46,1.0
050US28009,1.0,15.2,0.5
050US33011,86.0,5.1,1.0
050US36001,75.0,3.53,1.0
050US23029,9.0,25.43,0.64
050US50023,18.0,9.23,0.95
050US01127,18.0,7.39,1.0
050US02164,1.0,0.0,1.0
050US29059,3.0,15.98,1.0
050US29063,1.0,17.7,0.5
050US36007,55.0,4.57,1.0
050US28131,3.0,12.34,1.0
050US29049,4.0,4.13,1.0
050US48099,19.0,8.91,1.0
050US22027,4.0,20.64,0.8
050US24037,18.0,9.41,1.0
050US26047,7.0,20.08,0.78
050US29217,6.0,10.8,1.0
050US04019,,,
050US56043,3.0,9.01,1.0
050US20005,4.0,6.84,1.0
050US46013,7.0,6.4,0.88
050US46017,1.0,0.0,1.0
050US31049,1.0,0.0,1.0
050US55109,14.0,4.02,1.0
050US55137,7.0,17.5,1.0
050US56025,17.0,5.49,0.94
050US40049,9.0,9.44,1.0
050US51800,28.0,6.08,1.0
050US17045,4.0,18.1,0.8
050US50001,9.0,10.97,0.9
050US47007,3.0,4.97,1.0
050US26113,2.0,18.01,0.5
050US26129,6.0,15.27,0.86
050US36037,15.0,4.41,1.0
050US50013,2.0,11.81,1.0
050US38073,3.0,2.76,1.0
050US46069,1.0,0.0,1.0
050US56021,20.0,6.34,0.95
050US31185,4.0,2.21,1.0
050US33019,8.0,14.4,0.8
050US19193,24.0,4.79,0.92
050US55115,10.0,15.09,0.91
050US51035,7.0,12.29,1.0
050US01031,14.0,9.71,1.0
050US01123,10.0,10.76,1.0
050US35049,49.0,8.82,0.98
050US47011,19.0,4.07,1.0
050US31107,3.0,8.53,1.0
050US21233,4.0,0.0,1.0
050US53069,1.0,0.0,1.0
050US55095,10.0,7.36,1.0
050US55125,4.0,11.22,0.8
050US41013,3.0,17.26,0.75
050US36005,339.0,0.79,1.0
050US36055,193.0,2.27,1.0
050US48319,0.0,33.85,0.0
050US48359,0.0,75.8,0.0
050US48425,2.0,0.0,1.0
050US51670,7.0,5.89,1.0
050US54029,8.0,4.36,1.0
050US28119,3.0,9.34,1.0
050US55053,5.0,13.13,1.0
050US19039,3.0,4.54,1.0
050US12091,43.0,4.34,1.0
050US36035,15.0,6.24,1.0
050US39109,21.0,5.79,1.0
050US31085,0.0,50.34,0.0
050US31147,3.0,11.52,1.0
050US51530,1.0,0.0,1.0
050US28057,4.0,9.59,0.8
050US29037,20.0,6.33,1.0
050US47051,9.0,12.62,1.0
050US16017,6.0,17.47,0.67
050US20099,7.0,6.81,0.88
050US31017,0.0,59.6,0.0
050US40015,8.0,6.01,1.0
050US19091,4.0,10.48,1.0
050US29209,6.0,10.21,1.0
050US28081,19.0,8.52,1.0
050US55047,6.0,8.56,1.0
050US55055,20.0,6.98,1.0
050US05087,3.0,22.11,0.75
050US08087,8.0,6.63,1.0
050US39093,74.0,3.9,1.0
050US46053,2.0,0.0,1.0
050US46102,,,
050US48393,0.0,52.53,0.0
050US36089,25.0,11.56,0.89
050US38025,1.0,0.0,1.0
050US35035,14.0,12.72,0.88
050US06029,150.0,3.23,0.99
050US06071,363.0,4.2,0.98
050US08063,2.0,27.64,0.67
050US54009,6.0,5.28,1.0
050US31135,1.0,0.0,1.0
050US17001,17.0,5.69,0.94
050US51071,4.0,7.88,1.0
050US32019,9.0,10.97,0.9
050US48013,8.0,7.64,1.0
050US48023,1.0,0.0,1.0
050US48033,0.0,58.88,0.0
050US48071,5.0,18.27,0.71
050US55041,4.0,13.56,1.0
050US39045,28.0,5.11,1.0
050US05033,11.0,5.8,1.0
050US29163,5.0,11.35,1.0
050US36083,42.0,5.3,1.0
050US54105,2.0,7.44,1.0
050US48019,4.0,14.75,0.8
050US51770,23.0,2.15,1.0
050US51775,5.0,1.49,1.0
050US13275,11.0,7.47,1.0
050US31079,14.0,4.27,1.0
050US08045,11.0,9.37,1.0
050US02198,3.0,10.34,0.75
050US13227,6.0,9.27,1.0
050US48181,26.0,5.78,1.0
050US48195,2.0,13.84,1.0
050US48211,1.0,0.0,1.0
050US48295,0.0,37.18,0.0
050US51620,2.0,3.03,1.0
050US55103,5.0,11.74,1.0
050US55065,4.0,22.27,0.8
050US13281,3.0,5.57,1.0
050US47137,1.0,0.0,1.0
050US46083,11.0,8.49,1.0
050US31129,2.0,8.24,1.0
050US31157,11.0,5.92,1.0
050US48297,4.0,6.23,1.0
050US46081,5.0,2.24,1.0
050US31001,9.0,5.48,1.0
050US55078,2.0,15.9,1.0
050US51710,81.0,2.66,1.0
050US51735,4.0,6.7,1.0
050US29169,9.0,4.13,1.0
050US20103,16.0,5.4,1.0
050US51660,11.0,0.7,1.0
050US38063,1.0,0.0,1.0
050US38081,1.0,15.18,0.5
050US31019,11.0,2.7,1.0
050US31011,2.0,5.08,1.0
050US31015,0.0,38.72,0.0
050US29175,6.0,7.64,1.0
050US30025,1.0,0.0,1.0
050US48101,0.0,50.04,0.0
050US48259,6.0,8.8,1.0
050US48463,4.0,8.62,0.8
050US19145,6.0,4.72,1.0
050US31101,3.0,0.47,1.0
050US55013,6.0,8.33,1.0
050US36003,11.0,13.97,0.85
050US29065,4.0,8.56,1.0
050US55009,54.0,2.53,1.0
050US47017,8.0,14.49,1.0
050US51640,2.0,0.0,1.0
050US55061,4.0,20.8,0.8
050US20197,1.0,31.63,0.5
050US51700,44.0,3.85,1.0
050US55063,25.0,3.18,1.0
050US50021,18.0,12.81,0.9
050US46019,1.0,18.89,0.5
050US48325,8.0,8.22,1.0
050US48329,27.0,1.62,1.0
050US48335,2.0,3.63,1.0
050US51077,5.0,12.4,1.0
050US08025,1.0,0.0,1.0
050US55131,28.0,3.2,1.0
050US34017,166.0,0.66,1.0
050US17037,21.0,4.11,1.0
050US29153,1.0,25.14,0.5
050US30011,0.0,196.56,0.0
050US31069,1.0,0.0,1.0
050US12017,28.0,7.06,1.0
050US20161,13.0,7.8,0.93
050US21059,23.0,5.38,1.0
050US39173,28.0,5.06,1.0
050US17093,10.0,0.93,1.0
050US17127,4.0,3.79,1.0
050US39087,15.0,8.8,0.94
050US35043,22.0,15.81,0.79
050US37045,22.0,6.76,1.0
050US55035,20.0,4.4,1.0
050US55099,3.0,22.44,0.5
050US31057,1.0,0.0,1.0
050US31075,0.0,72.99,0.0
050US31105,1.0,0.0,1.0
050US28061,3.0,15.16,0.75
050US17119,60.0,4.51,0.98
050US21121,8.0,8.79,1.0
050US21177,9.0,7.18,1.0
050US54103,4.0,9.99,0.8
050US55107,4.0,18.1,0.8
050US48443,1.0,0.0,1.0
050US48491,89.0,3.7,1.0
050US51009,9.0,7.33,1.0
050US51047,8.0,7.0,1.0
050US39145,20.0,6.8,1.0
050US40003,2.0,15.77,0.67
050US46119,1.0,0.0,1.0
050US19031,5.0,11.86,1.0
050US20019,1.0,0.0,1.0
050US20079,6.0,5.92,1.0
050US20107,2.0,0.0,1.0
050US46101,2.0,11.07,1.0
050US55117,27.0,5.08,1.0
050US55139,41.0,3.94,1.0
050US05081,3.0,14.87,0.75
050US12083,59.0,9.29,0.94
050US13127,16.0,3.43,1.0
050US29115,5.0,12.07,1.0
050US51119,4.0,15.65,0.8
050US51139,5.0,13.53,1.0
050US51730,11.0,3.46,1.0
050US37129,45.0,2.58,1.0
050US37167,13.0,7.11,1.0
050US38077,5.0,11.29,0.83
050US45079,89.0,4.42,1.0
050US06017,42.0,8.72,0.98
050US12125,3.0,10.54,1.0
050US19085,5.0,3.23,1.0
050US47015,1.0,21.45,0.33
050US48159,3.0,5.48,1.0
050US32007,12.0,29.77,0.86
050US17163,60.0,3.43,1.0
050US30111,31.0,5.47,0.97
050US31025,6.0,13.35,1.0
050US22019,44.0,3.92,1.0
050US47141,15.0,4.75,1.0
050US47175,2.0,14.96,1.0
050US48039,51.0,4.7,1.0
050US48223,9.0,9.14,1.0
050US48321,9.0,13.33,0.82
050US48387,2.0,22.86,0.5
050US46137,0.0,63.01,0.0
050US47059,15.0,9.77,1.0
050US01099,4.0,19.56,0.57
050US42129,100.0,3.53,1.0
050US48003,4.0,9.05,1.0
050US48265,9.0,10.33,0.9
050US48293,8.0,10.28,1.0
050US48437,3.0,12.0,1.0
050US06067,317.0,2.78,1.0
050US17143,48.0,3.32,1.0
050US01079,9.0,8.25,1.0
050US19069,3.0,4.53,1.0
050US16067,4.0,17.45,0.8
050US42057,3.0,13.49,1.0
050US27037,95.0,3.07,1.0
050US05139,10.0,4.74,1.0
050US27051,1.0,15.85,0.5
050US48075,2.0,5.82,1.0
050US45031,16.0,4.26,1.0
050US17169,3.0,13.27,1.0
050US17171,1.0,17.24,0.5
050US54091,4.0,13.82,1.0
050US13173,1.0,15.37,0.5
050US48237,2.0,15.79,0.67
050US20035,11.0,4.96,1.0
050US13131,6.0,13.62,1.0
050US20155,16.0,7.75,0.94
050US12117,86.0,1.97,1.0
050US13013,18.0,4.55,1.0
050US45049,4.0,13.1,0.8
050US48063,3.0,2.18,1.0
050US16077,0.0,43.34,0.0
050US49015,2.0,47.23,0.67
050US02105,0.0,425.04,0.0
050US22039,8.0,3.27,1.0
050US51097,2.0,16.66,1.0
050US06007,50.0,5.28,0.98
050US13241,4.0,10.8,0.8
050US01025,6.0,18.21,0.67
050US08067,10.0,9.85,1.0
050US13263,3.0,21.67,1.0
050US21037,25.0,3.0,1.0
050US16047,2.0,0.0,1.0
050US48255,4.0,10.05,1.0
050US47111,4.0,8.14,1.0
050US48153,2.0,0.0,1.0
050US48169,1.0,0.0,1.0
050US17199,15.0,7.03,1.0
050US46021,1.0,0.0,1.0
050US28093,6.0,12.98,1.0
050US29089,3.0,9.08,1.0
050US36101,27.0,11.88,0.9
050US37063,60.0,2.67,1.0
050US35029,5.0,8.93,0.83
050US29003,4.0,12.1,1.0
050US29015,5.0,13.24,0.83
050US51690,5.0,1.51,1.0
050US19129,5.0,5.61,1.0
050US21023,3.0,7.02,1.0
050US37135,28.0,4.43,1.0
050US38091,0.0,41.12,0.0
050US08095,2.0,12.77,1.0
050US48207,2.0,0.0,1.0
050US54075,2.0,15.54,0.5
050US25015,35.0,5.41,0.97
050US21115,6.0,13.59,1.0
050US39161,9.0,7.49,1.0
050US29043,14.0,4.26,1.0
050US13097,20.0,2.12,1.0
050US13155,2.0,8.59,1.0
050US38075,1.0,0.0,1.0
050US38093,6.0,11.27,1.0
050US39003,33.0,4.31,1.0
050US39021,10.0,9.26,1.0
050US01081,27.0,5.9,1.0
050US26127,8.0,18.84,1.0
050US26145,56.0,5.44,1.0
050US49039,5.0,4.88,1.0
050US50005,9.0,8.29,0.9
050US51167,7.0,13.5,1.0
050US51595,2.0,2.0,1.0
050US51678,1.0,0.0,1.0
050US41069,0.0,95.15,0.0
050US42085,30.0,3.25,1.0
050US22061,10.0,6.19,1.0
050US28027,7.0,4.7,1.0
050US51061,16.0,11.51,0.94
050US55029,8.0,24.97,0.8
050US21095,11.0,12.46,1.0
050US47079,8.0,10.98,0.89
050US42125,59.0,5.13,1.0
050US06015,6.0,11.53,0.75
050US16003,1.0,16.16,0.5
050US21107,12.0,4.66,1.0
050US16049,2.0,53.02,0.4
050US36063,62.0,4.15,1.0
050US51117,8.0,14.25,0.89
050US13153,23.0,4.24,1.0
050US23001,28.0,3.8,1.0
050US21185,14.0,7.65,1.0
050US27047,10.0,8.49,1.0
050US28003,7.0,6.79,1.0
050US28123,5.0,7.04,0.83
050US42039,23.0,7.83,1.0
050US18025,2.0,18.36,0.67
050US21161,5.0,9.23,1.0
050US27003,83.0,4.57,1.0
050US31155,5.0,11.54,1.0
050US45075,20.0,1.69,1.0
050US48201,786.0,1.64,1.0
050US39011,11.0,4.43,1.0
050US20115,3.0,9.64,0.75
050US20165,2.0,6.94,1.0
050US26107,10.0,14.78,0.91
050US40051,9.0,10.59,0.9
050US40077,2.0,21.02,0.67
050US18081,22.0,1.92,1.0
050US29103,2.0,11.7,1.0
050US29127,7.0,6.1,0.88
050US29161,9.0,7.53,0.9
050US39049,284.0,2.27,1.0
050US22007,6.0,7.34,1.0
050US05059,6.0,12.34,0.86
050US05143,32.0,1.99,1.0
050US40011,5.0,5.6,1.0
050US29179,1.0,25.8,0.5
050US40097,9.0,2.79,1.0
050US26049,131.0,3.8,1.0
050US21057,2.0,9.49,1.0
050US39111,4.0,17.43,1.0
050US46105,1.0,0.0,1.0
050US42093,4.0,4.98,1.0
050US08057,0.0,81.64,0.0
050US33009,17.0,13.43,0.89
050US39101,18.0,3.99,1.0
050US30063,19.0,4.68,0.95
050US36111,46.0,6.02,0.98
050US23017,14.0,15.89,0.82
050US45013,39.0,12.29,0.95
050US34011,34.0,6.43,0.97
050US48345,0.0,53.88,0.0
050US25027,172.0,3.35,1.0
050US47187,37.0,4.76,1.0
050US04025,39.0,8.85,0.93
050US08079,0.0,63.16,0.0
050US41067,104.0,2.74,1.0
050US18013,4.0,16.69,1.0
050US26081,128.0,3.01,1.0
050US26085,2.0,20.5,0.5
050US55081,9.0,9.43,1.0
050US21149,3.0,0.0,1.0
050US29071,17.0,4.98,1.0
050US29213,10.0,4.78,1.0
050US30091,1.0,21.27,0.5
050US19155,30.0,5.39,1.0
050US18087,8.0,9.38,1.0
050US18113,10.0,10.52,1.0
050US29101,9.0,10.88,1.0
050US18151,9.0,12.58,1.0
050US26157,11.0,15.86,0.79
050US29129,0.0,44.71,0.0
050US36087,65.0,2.03,1.0
050US47067,1.0,16.32,0.5
050US47033,5.0,5.24,1.0
050US47159,5.0,9.4,1.0
050US48073,12.0,9.71,1.0
050US30047,6.0,15.31,0.75
050US31059,2.0,9.46,1.0
050US22013,4.0,14.85,0.8
050US22085,4.0,21.09,0.57
050US24013,38.0,4.88,1.0
050US26109,8.0,9.24,1.0
050US04027,50.0,13.33,0.91
050US13105,5.0,8.36,1.0
050US21223,2.0,4.77,1.0
050US31061,1.0,26.0,0.5
050US47077,6.0,10.09,1.0
050US48031,2.0,0.0,1.0
050US16057,5.0,12.61,0.71
050US37011,5.0,3.19,1.0
050US21225,4.0,3.8,1.0
050US48501,2.0,13.27,1.0
050US37077,12.0,8.97,0.92
050US13163,4.0,4.49,1.0
050US13221,4.0,15.76,1.0
050US24041,10.0,9.56,0.91
050US26083,1.0,44.26,0.33
050US16005,21.0,5.65,0.95
050US49013,3.0,7.46,1.0
050US51001,12.0,14.01,1.0
050US51109,6.0,10.49,1.0
050US51163,4.0,7.46,1.0
050US53017,6.0,15.34,0.75
050US05075,5.0,11.19,0.83
050US05131,26.0,2.32,1.0
050US06065,450.0,3.33,0.99
050US01069,22.0,3.43,1.0
050US01121,22.0,8.1,1.0
050US04012,6.0,22.47,0.67
050US13039,10.0,11.33,0.91
050US40087,6.0,7.86,1.0
050US27027,13.0,3.38,1.0
050US27113,5.0,6.33,1.0
050US29099,42.0,7.54,1.0
050US48117,4.0,2.05,1.0
050US48147,9.0,9.12,1.0
050US17065,3.0,12.46,1.0
050US45033,6.0,4.84,1.0
050US31073,1.0,24.03,1.0
050US39075,8.0,11.42,1.0
050US48171,4.0,10.96,0.8
050US55079,298.0,1.67,1.0
050US26139,54.0,5.92,1.0
