HEROP_ID,Age15_24P,ForDqP,ForDqTot
050US21007,11.8,10.53,32.33
050US21017,11.47,9.77,42.33
050US21031,11.02,13.86,30.8
050US21065,10.93,14.6,42.5
050US21069,11.77,10.05,29.0
050US21093,13.96,10.15,71.84
050US21099,12.27,13.48,41.2
050US21131,10.92,16.6,38.33
050US21151,21.35,9.29,56.43
050US21155,12.09,9.23,27.67
050US21179,12.97,9.93,81.57
050US17091,15.29,15.6,88.69
050US17187,16.55,11.42,52.6
050US17197,14.09,11.9,158.95
050US18027,13.48,10.46,54.14
050US18061,11.45,11.05,93.0
050US01001,13.03,7.45,42.0
050US01005,11.99,13.37,35.78
050US01023,11.48,17.7,53.0
050US01035,11.87,16.78,40.0
050US01051,12.92,7.42,58.54
050US01055,12.43,10.76,41.86
050US01065,13.25,13.2,28.0
050US01089,13.62,5.91,38.38
050US01113,12.32,11.05,50.83
050US01117,12.51,6.12,62.72
050US02016,13.98,3.55,3.0
050US02130,12.11,4.32,17.25
050US02180,15.79,6.15,22.0
050US02282,12.19,5.9,3.0
050US05011,11.57,12.1,26.8
050US05015,11.47,7.42,37.2
050US05019,25.34,8.95,45.5
050US05025,12.07,12.4,40.0
050US05063,12.61,8.01,35.5
050US05067,11.41,10.18,36.2
050US05121,11.77,8.57,53.67
050US06001,12.02,10.58,86.31
050US06003,16.23,9.4,29.0
050US06005,9.27,9.8,103.86
050US06013,12.43,12.88,181.09
050US06019,14.95,20.1,178.42
050US06023,16.11,8.51,50.15
050US06033,10.52,13.07,136.42
050US06037,13.8,13.42,93.76
050US06047,16.5,28.08,266.2
050US06057,9.46,7.29,85.28
050US06081,10.83,5.08,38.9
050US06085,12.26,7.64,65.08
050US06115,13.98,21.96,247.67
050US08013,18.55,3.98,37.37
050US08029,10.52,7.31,43.29
050US08049,10.2,5.05,103.5
050US08077,13.2,6.22,68.5
050US08083,11.12,8.35,36.75
050US08091,6.5,6.3,59.0
050US09009,13.93,9.82,67.43
050US11001,13.37,7.09,37.66
050US12009,10.92,17.27,207.2
050US12023,12.56,14.86,99.5
050US12039,11.67,13.24,63.67
050US12055,9.18,15.45,106.41
050US12065,8.96,11.55,79.5
050US12073,25.42,8.68,65.08
050US12095,14.72,19.56,208.29
050US12107,10.85,16.11,85.07
050US12123,10.86,18.68,55.0
050US12127,11.57,17.92,232.14
050US12131,9.82,24.17,193.8
050US12133,11.82,15.07,105.67
050US13009,22.0,13.91,61.33
050US13027,11.34,16.48,52.0
050US13103,13.16,9.48,122.5
050US13121,14.09,13.49,116.75
050US13141,9.95,21.57,58.67
050US13149,12.44,19.3,88.67
050US13179,17.91,10.02,80.56
050US13183,13.53,12.75,87.5
050US13189,12.59,13.24,61.6
050US13209,16.45,17.63,34.67
050US13229,11.19,10.93,37.75
050US13267,12.46,14.6,62.75
050US13271,10.66,17.75,38.0
050US13291,9.01,10.27,142.0
050US13305,11.98,12.95,52.83
050US13319,11.71,17.8,49.0
050US15007,10.4,6.76,68.25
050US16015,9.35,6.7,104.0
050US16023,5.53,7.6,20.0
050US16025,9.03,5.6,12.0
050US16027,14.37,11.51,180.0
050US16037,10.48,5.2,24.0
050US16039,16.31,6.54,40.0
050US16043,14.63,6.3,35.33
050US16061,10.25,2.57,7.0
050US16063,13.79,8.8,49.0
050US16085,7.05,9.77,113.33
050US19175,13.43,10.22,41.75
050US20053,12.44,8.65,29.5
050US20095,11.7,8.7,22.0
050US20135,7.92,10.55,15.0
050US20199,9.52,12.4,21.0
050US48011,9.5,7.7,14.0
050US48025,14.25,10.73,33.33
050US48035,10.71,9.01,19.71
050US48053,12.39,6.26,36.38
050US48055,16.38,9.39,32.71
050US48083,8.22,9.63,27.0
050US29057,11.45,11.75,42.0
050US29143,11.64,10.48,36.83
050US29157,11.84,7.96,31.8
050US29189,12.76,8.14,96.71
050US29199,12.58,8.7,16.0
050US29207,12.04,10.35,42.88
050US30015,12.89,3.3,6.5
050US30023,11.86,8.62,32.0
050US30029,11.01,7.04,47.13
050US30039,9.91,4.3,12.0
050US30057,8.31,3.77,9.0
050US30071,10.91,0.7,2.67
050US30077,11.28,9.8,29.5
050US30085,14.18,5.26,8.6
050US30087,13.64,9.97,13.75
050US30105,11.56,3.3,5.4
050US31091,13.75,7.1,4.0
050US53065,11.1,6.22,27.0
050US21189,14.09,16.6,26.0
050US21195,12.38,12.01,29.16
050US21217,16.28,11.16,60.6
050US21237,10.96,17.73,30.0
050US21239,12.12,5.62,49.8
050US22001,12.77,10.8,45.67
050US22009,12.17,15.03,69.78
050US22011,13.34,11.89,49.0
050US22029,13.01,11.6,40.6
050US22031,12.15,13.21,41.0
050US22033,17.95,9.11,58.11
050US22047,12.63,13.25,49.75
050US22071,12.42,12.4,40.4
050US22081,11.26,16.1,53.5
050US22099,12.89,13.39,91.11
050US22119,12.2,13.37,48.45
050US23013,9.83,8.82,46.3
050US23015,9.79,5.76,27.75
050US24003,12.54,5.54,65.67
050US18103,12.84,19.43,99.0
050US18129,11.96,10.87,66.43
050US18147,11.67,15.1,78.4
050US19001,10.47,9.33,26.67
050US19045,11.86,9.88,57.17
050US19083,12.69,9.47,35.67
050US19111,11.49,12.73,56.09
050US31167,10.81,8.8,36.0
050US34003,12.11,6.7,55.1
050US34007,12.52,11.24,67.69
050US34013,13.05,17.05,75.9
050US34023,13.26,7.67,53.1
050US34041,12.79,8.17,65.57
050US35007,10.55,6.27,31.0
050US35011,16.17,9.3,10.0
050US35051,8.81,9.3,37.67
050US36013,13.89,7.06,33.74
050US36029,13.27,7.86,35.15
050US36043,12.77,9.97,34.63
050US36045,16.04,7.65,33.29
050US36047,12.04,9.5,19.14
050US36053,17.25,6.97,39.0
050US36065,13.4,8.54,29.05
050US36077,20.48,7.68,29.31
050US36081,11.31,9.54,28.65
050US36091,12.22,5.72,39.87
050US36115,11.74,8.32,40.69
050US37007,12.45,14.57,55.33
050US37027,11.4,8.86,63.64
050US37039,9.36,9.08,63.0
050US37049,16.02,6.42,60.69
050US37055,9.29,5.06,103.86
050US37059,11.51,6.16,48.0
050US37069,12.54,10.36,81.25
050US37083,11.82,12.89,65.36
050US37091,15.09,13.93,85.25
050US37093,12.09,9.12,106.0
050US37099,22.1,5.61,27.78
050US37111,10.95,10.89,52.11
050US37117,11.09,13.23,59.0
050US37127,13.01,10.78,64.76
050US37165,13.29,12.2,80.17
050US37175,11.25,5.9,37.5
050US37199,10.61,7.95,37.5
050US38017,18.05,3.71,25.07
050US38037,9.12,4.25,4.0
050US38085,15.95,5.8,3.5
050US38099,9.99,5.9,11.17
050US39035,12.82,19.16,74.28
050US39039,13.46,13.48,92.22
050US39043,11.87,14.53,98.42
050US39125,11.38,12.8,79.2
050US40065,14.32,7.74,28.88
050US48103,14.84,12.4,43.0
050US48141,16.25,10.52,64.77
050US48151,13.24,13.45,18.5
050US48161,10.86,9.89,17.0
050US48167,12.86,11.11,65.72
050US48199,12.49,8.8,37.73
050US48213,11.91,8.59,43.71
050US48229,12.42,16.7,8.0
050US48241,12.44,11.54,35.25
050US48245,13.61,10.16,37.34
050US48261,3.36,23.0,2.0
050US48289,10.62,8.67,27.33
050US48317,15.03,7.2,8.5
050US48333,11.2,10.35,15.5
050US48347,23.16,7.97,25.75
050US48361,12.66,10.46,45.35
050US48371,12.18,13.45,34.25
050US48395,12.49,9.12,19.2
050US48423,14.25,7.9,43.78
050US48427,16.91,17.4,29.7
050US48457,14.1,10.06,25.4
050US48471,22.56,8.79,32.88
050US48475,14.62,12.03,36.0
050US48477,14.97,8.37,37.83
050US48499,11.11,9.56,40.62
050US49001,14.08,7.35,30.0
050US49003,14.14,5.25,35.7
050US49011,14.45,4.21,46.76
050US40073,12.46,7.85,30.25
050US40079,12.72,13.41,69.56
050US40145,12.03,7.44,40.37
050US41005,11.8,5.11,54.15
050US41021,6.61,5.1,11.0
050US41033,10.2,6.94,51.88
050US41035,11.94,6.7,32.55
050US41039,16.25,4.48,30.51
050US41043,11.88,6.16,47.1
050US41051,11.13,4.44,34.34
050US41055,10.28,6.5,8.0
050US41061,15.07,6.81,24.12
050US42005,10.64,9.08,38.05
050US42029,13.32,4.03,28.27
050US42035,18.43,9.31,47.33
050US42059,13.0,9.64,44.0
050US42067,11.48,8.95,58.75
050US42091,12.01,4.68,29.87
050US42111,10.78,8.22,35.25
050US45005,13.97,21.43,64.0
050US45019,12.24,8.51,54.4
050US45025,12.7,13.09,56.75
050US45043,10.71,10.67,75.3
050US45063,11.93,7.27,64.33
050US45077,21.08,7.32,39.46
050US45091,12.79,9.12,78.91
050US46073,7.54,4.6,6.0
050US46093,14.4,5.47,30.33
050US46095,10.36,10.3,8.0
050US46123,10.46,4.3,12.5
050US47001,11.46,8.74,49.25
050US47003,12.61,11.65,68.5
050US47005,11.43,11.84,35.0
050US47019,10.79,9.22,32.53
050US47029,10.94,12.3,40.0
050US47049,11.59,12.9,54.25
050US47063,12.37,9.95,67.17
050US47073,11.21,9.6,62.33
050US47081,12.55,12.64,62.6
050US47097,13.04,18.83,77.71
050US47121,10.99,11.57,41.33
050US47149,16.86,7.93,132.85
050US47173,11.3,11.3,62.0
050US48007,11.3,5.82,34.6
050US25001,10.17,8.23,85.8
050US25013,14.69,15.88,107.82
050US25025,16.72,10.2,49.98
050US26033,16.16,10.64,36.25
050US26053,10.85,8.79,26.38
050US26063,10.79,8.75,33.92
050US26097,10.36,9.95,28.0
050US26115,12.34,15.47,99.36
050US13283,11.07,20.2,39.5
050US13289,10.56,16.0,65.5
050US13313,13.92,14.06,84.33
050US13317,12.74,14.15,67.0
050US15001,10.94,11.51,124.86
050US15009,10.63,8.65,76.93
050US16059,9.26,5.03,17.0
050US16073,13.33,5.1,18.5
050US16083,12.92,5.22,35.71
050US16087,10.29,5.7,25.67
050US17027,11.62,8.15,64.67
050US17031,12.81,13.18,82.12
050US17047,11.4,11.9,27.0
050US49029,14.87,5.55,32.5
050US49035,13.99,6.18,60.39
050US49043,12.96,4.76,105.0
050US49049,22.06,6.39,60.12
050US51015,11.38,5.8,49.17
050US51037,12.65,12.5,46.0
050US51051,10.74,15.82,52.25
050US51053,11.92,9.77,66.83
050US51069,12.17,10.81,177.09
050US51073,11.2,5.92,78.6
050US51085,13.26,4.28,40.39
050US51099,12.9,8.8,83.8
050US51125,9.16,5.97,54.0
050US51131,9.86,6.82,35.5
050US51137,11.72,8.7,141.75
050US51145,11.69,4.9,48.2
050US51149,12.64,7.62,70.0
050US51161,11.83,6.49,66.5
050US51177,13.22,10.84,342.3
050US51185,11.19,10.42,42.0
050US51199,13.42,2.86,25.57
050US53005,13.07,4.43,34.74
050US53007,12.25,4.46,40.0
050US53009,9.81,5.51,22.81
050US53015,11.71,8.87,65.39
050US53025,14.59,6.51,40.0
050US53031,6.78,3.24,14.75
050US53037,25.32,4.76,39.88
050US53043,10.12,6.45,19.0
050US12077,14.58,13.3,31.5
050US05061,12.31,10.97,48.0
050US05093,13.79,12.04,51.92
050US05095,12.69,10.57,30.0
050US05099,10.65,17.73,40.33
050US05103,11.74,10.43,50.83
050US05109,11.95,12.6,38.0
050US05117,10.77,10.1,26.0
050US05133,13.67,10.65,35.0
050US05147,10.63,10.55,41.5
050US06045,11.37,8.32,43.79
050US06051,13.91,7.35,164.5
050US24011,11.97,11.21,88.43
050US24033,13.66,14.82,181.63
050US24043,12.12,8.82,67.69
050US25007,11.05,5.45,55.0
050US25017,13.42,5.58,43.55
050US26041,10.62,8.72,40.75
050US26099,12.41,14.3,106.39
050US26103,18.54,8.63,27.89
050US26135,9.79,14.93,42.75
050US26147,12.35,14.75,83.72
050US26163,13.39,25.68,126.54
050US27023,11.67,10.74,39.8
050US27053,12.15,9.26,65.85
050US27077,8.4,9.53,14.0
050US27091,10.94,10.9,53.83
050US27129,11.07,11.02,38.17
050US27139,12.52,9.28,111.52
050US27163,12.5,7.76,83.4
050US28007,12.28,14.5,43.83
050US28033,13.66,11.24,139.39
050US28055,6.25,18.0,17.0
050US28075,13.28,12.42,54.39
050US28143,8.86,19.8,72.5
050US28157,12.39,13.9,44.5
050US28163,12.74,17.18,69.33
050US29023,12.23,8.81,39.11
050US29029,10.32,6.32,51.45
050US29031,17.88,6.21,31.81
050US29033,11.24,10.87,39.33
050US17075,11.7,13.97,64.22
050US17129,10.97,7.13,51.33
050US17161,12.5,10.26,51.39
050US17175,11.87,11.65,47.5
050US17185,10.81,12.45,47.5
050US18009,11.48,19.42,106.0
050US18035,23.25,17.49,93.61
050US18067,12.04,19.4,144.65
050US18083,16.64,16.35,86.3
050US18159,12.2,17.25,118.0
050US18175,12.25,13.82,78.0
050US49025,12.27,7.8,62.0
050US05003,12.66,13.16,43.71
050US05007,12.42,8.93,116.74
050US05013,11.63,14.0,31.0
050US05045,19.4,5.41,33.57
050US13051,14.67,9.76,50.74
050US13077,12.81,9.32,200.3
050US13123,11.18,9.58,99.0
050US13133,9.12,11.92,48.4
050US13137,14.42,12.11,110.29
050US13139,13.59,10.2,115.41
050US13143,11.94,13.65,139.0
050US13157,11.52,12.16,170.14
050US13171,18.91,17.1,116.67
050US13181,10.98,13.85,54.0
050US13185,21.04,10.52,52.15
050US13195,12.26,11.27,62.17
050US13213,12.97,17.69,95.86
050US13217,14.48,19.3,338.0
050US13237,10.79,10.37,103.33
050US13245,15.36,11.67,74.75
050US13251,13.35,17.32,41.0
050US13269,14.06,13.27,24.33
050US13279,12.28,17.7,63.5
050US23023,9.76,6.58,45.78
050US23031,11.25,8.38,77.5
050US24001,15.96,8.26,33.48
050US24005,12.7,7.75,60.03
050US24017,13.61,10.46,185.29
050US24021,13.03,6.79,114.72
050US24031,11.84,5.81,66.64
050US24045,18.96,9.18,76.71
050US28149,12.85,18.08,93.82
050US28151,13.81,17.51,57.44
050US29041,10.93,8.97,18.0
050US29069,12.62,12.91,49.5
050US29087,8.62,12.07,20.33
050US29113,13.38,10.96,199.6
050US29159,13.03,8.95,37.73
050US29183,12.78,5.83,80.04
050US29195,14.93,7.86,26.25
050US29197,12.57,11.8,13.5
050US29201,12.06,13.34,70.5
050US30001,17.97,3.3,10.33
050US30013,13.26,3.93,16.74
050US30027,9.53,4.45,24.5
050US30031,19.18,3.65,38.43
050US30045,9.07,3.7,4.0
050US30049,11.84,4.08,27.92
050US30055,9.63,4.2,5.0
050US30059,7.32,6.8,11.0
050US30069,4.63,7.8,1.0
050US30073,12.08,7.57,10.33
050US30083,12.61,4.62,9.25
050US30099,11.22,5.47,10.33
050US31103,14.65,16.3,4.0
050US31151,16.79,8.65,29.5
050US32001,12.54,9.96,66.86
050US32003,12.41,22.0,234.69
050US32015,11.31,11.35,23.5
050US33007,10.41,12.91,47.0
050US33015,11.68,6.44,64.73
050US33017,19.47,7.45,61.75
050US34001,13.18,10.3,87.58
050US34005,12.58,8.57,59.33
050US34015,13.2,8.74,79.98
050US34019,13.78,4.36,40.92
050US34021,15.19,9.69,71.73
050US34025,12.76,6.97,61.23
050US34029,11.22,7.76,78.6
050US34035,12.58,6.49,58.94
050US21229,12.81,14.63,50.0
050US21231,11.63,15.17,46.83
050US22035,16.18,13.23,28.0
050US22045,13.13,10.52,43.73
050US22053,13.05,10.64,47.86
050US22055,13.47,6.71,37.2
050US06055,12.75,8.5,76.74
050US06059,13.52,10.41,87.17
050US06069,14.43,17.16,228.5
050US06073,14.28,11.94,103.44
050US06079,18.49,6.96,70.45
050US06083,19.58,10.87,73.28
050US06097,11.98,9.26,93.94
050US06101,13.34,20.94,186.67
050US06107,15.48,18.92,155.49
050US06113,23.62,13.93,119.89
050US08019,9.63,8.93,55.67
050US08023,12.8,19.45,25.0
050US08031,10.99,10.02,81.29
050US08037,11.37,4.51,44.57
050US08055,7.23,13.17,39.33
050US01049,12.65,9.61,41.36
050US01063,12.79,15.03,39.0
050US01087,21.64,12.74,31.4
050US01091,11.98,14.07,44.17
050US01095,12.43,7.93,55.53
050US01101,14.12,11.6,69.65
050US01107,12.4,14.46,54.2
050US01115,11.49,8.43,92.78
050US01119,23.65,15.64,29.8
050US01131,13.99,19.08,32.0
050US02090,17.1,5.33,26.42
050US02158,17.13,,
050US02240,12.19,5.73,8.67
050US04005,23.98,9.19,42.96
050US04009,15.27,11.0,39.12
050US04013,13.56,15.73,176.07
050US54001,15.93,10.3,35.25
050US54005,11.27,10.31,29.29
050US54021,18.04,7.2,14.5
050US54039,11.11,7.3,34.88
050US54045,10.63,9.78,32.33
050US54047,9.88,17.31,26.0
050US54063,9.79,11.43,49.67
050US54067,10.11,10.59,35.57
050US54087,10.55,13.4,39.75
050US54107,11.38,8.09,35.81
050US55003,13.87,9.86,25.38
050US55043,21.45,10.89,47.0
050US55113,9.49,8.32,37.0
050US56029,11.88,3.04,18.6
050US12086,12.25,24.66,289.56
050US12093,12.51,15.85,114.5
050US12097,13.96,27.18,417.0
050US13021,14.29,16.14,76.27
050US13029,12.81,5.13,116.67
050US39137,12.08,15.44,105.86
050US39175,11.87,13.0,68.67
050US40013,13.73,10.66,33.3
050US40027,18.47,6.59,45.85
050US40057,8.09,13.3,40.0
050US40067,12.15,21.37,42.67
050US40075,11.1,14.07,52.33
050US40095,12.07,11.33,54.0
050US40125,14.26,9.48,43.67
050US40135,12.69,9.27,62.86
050US40143,13.13,7.75,37.69
050US27011,9.95,9.23,20.33
050US27013,25.24,6.28,28.94
050US27031,8.57,4.27,13.0
050US27061,10.72,9.89,58.0
050US27073,10.38,10.8,26.67
050US27075,8.83,5.68,29.0
050US27089,11.05,11.82,27.75
050US27097,11.07,10.35,51.0
050US27127,11.72,12.3,37.67
050US27161,11.73,9.76,60.6
050US27171,12.06,12.03,158.59
050US28001,11.49,10.31,46.89
050US28011,15.18,13.07,68.0
050US28029,14.85,17.57,72.17
050US28043,12.71,12.64,67.8
050US28083,15.91,15.86,64.25
050US28087,13.91,11.88,77.08
050US28103,14.53,26.47,82.67
050US28121,12.03,8.67,73.0
050US35015,13.48,8.81,42.75
050US35039,12.64,8.56,19.36
050US35045,13.35,6.86,28.43
050US35055,12.07,6.92,38.67
050US36025,14.03,8.58,28.07
050US36031,10.65,7.62,24.15
050US36103,13.3,10.34,91.3
050US36105,11.9,9.87,38.17
050US36119,12.98,6.56,30.9
050US36123,15.08,6.3,33.8
050US37009,9.65,7.84,31.57
050US37013,11.81,8.7,45.5
050US37017,11.21,11.98,63.5
050US37023,12.82,9.46,49.79
050US37037,9.89,9.61,70.75
050US37043,7.26,6.4,52.5
050US37053,10.72,5.83,71.17
050US37057,11.79,9.14,85.62
050US37065,12.55,15.77,56.4
050US37075,12.74,9.77,30.0
050US37085,13.2,10.23,85.64
050US37089,9.97,5.27,38.75
050US37095,11.09,4.55,24.0
050US37103,9.39,9.53,30.67
050US37115,14.3,7.6,26.17
050US37123,12.26,11.6,57.2
050US28141,11.7,14.1,76.25
050US42099,11.41,7.78,53.78
050US42103,12.19,11.3,216.75
050US42127,10.49,9.06,52.29
050US42133,12.2,7.53,58.45
050US48411,11.98,12.3,24.0
050US48429,13.01,10.12,21.75
050US48449,14.93,11.43,37.88
050US48453,12.91,4.89,33.61
050US48455,9.65,11.38,18.6
050US48467,12.1,10.77,42.2
050US48473,24.01,15.75,69.33
050US48479,16.95,13.45,67.12
050US49033,12.72,4.4,23.0
050US49045,14.62,7.41,114.43
050US49047,13.62,5.94,55.4
050US49051,13.72,4.85,105.25
050US50017,11.74,7.43,25.22
050US50027,9.77,4.42,20.53
050US51007,12.36,9.55,104.0
050US51017,10.4,6.5,31.0
050US51019,11.48,4.24,29.36
050US51023,11.43,4.96,47.2
050US51033,12.29,12.58,148.33
050US51036,9.79,10.0,33.33
050US51041,13.46,6.58,71.14
050US51057,11.42,7.57,37.33
050US51067,11.88,8.52,64.11
050US51083,11.39,9.81,56.0
050US51091,4.07,6.3,12.0
050US51095,11.17,3.34,45.75
050US51107,11.86,8.44,189.88
050US51111,11.04,10.87,42.33
050US51127,10.57,5.23,56.33
050US51133,7.19,4.8,31.0
050US51143,11.08,10.7,55.64
050US51159,9.11,10.2,44.5
050US51165,13.44,4.33,21.58
050US51175,10.93,7.78,42.0
050US51179,14.79,9.54,130.74
050US51187,12.95,10.23,128.57
050US53047,11.06,5.62,21.6
050US53049,9.09,6.5,29.43
050US53053,13.15,7.51,75.58
050US53061,11.93,5.61,59.8
050US53071,16.88,4.52,27.82
050US53073,17.75,3.8,47.19
050US54013,9.29,11.95,27.5
050US54017,12.63,9.5,27.5
050US54019,10.67,11.72,50.91
050US54023,11.21,14.83,65.67
050US54027,11.7,19.12,126.4
050US54033,11.29,9.03,36.4
050US54037,12.69,10.79,176.43
050US54043,10.53,10.4,27.0
050US54065,10.51,9.75,72.5
050US54071,9.99,14.6,31.33
050US54081,11.12,7.76,41.31
050US54093,10.93,8.73,27.67
050US54095,10.85,10.23,34.67
050US37133,25.44,5.78,44.78
050US37137,9.65,6.9,53.5
050US37149,9.29,5.2,38.33
050US37153,13.24,12.18,52.73
050US37161,12.11,11.38,71.17
050US37163,12.79,11.78,61.0
050US37177,8.42,10.9,38.0
050US38005,13.42,7.47,5.75
050US38033,13.71,2.5,4.0
050US38053,13.58,4.95,3.25
050US38059,11.08,3.2,20.6
050US38067,9.89,6.24,11.4
050US38071,12.73,2.57,4.62
050US22067,13.28,14.36,54.12
050US22069,20.78,12.69,44.56
050US22079,13.37,11.2,41.32
050US22097,13.06,10.26,38.79
050US22107,11.98,9.27,22.33
050US22113,12.94,9.97,48.3
050US22117,12.55,11.25,45.5
050US22123,11.33,12.4,33.67
050US23007,13.49,10.6,59.86
050US08065,14.77,8.17,36.67
050US08071,11.73,13.04,32.57
050US08093,7.74,8.82,93.6
050US08105,13.4,15.73,58.25
050US08113,9.17,14.95,42.0
050US09001,13.35,8.07,55.52
050US09007,12.67,5.91,45.14
050US09011,13.91,7.87,51.89
050US10005,9.67,6.49,61.03
050US12033,15.44,13.88,102.21
050US12037,9.71,15.1,106.67
050US12041,16.97,14.3,116.5
050US12047,13.11,17.83,46.0
050US12053,10.25,18.6,272.56
050US12071,10.25,26.44,328.09
050US19009,10.7,9.53,22.67
050US19027,11.8,7.07,30.0
050US19075,10.72,6.15,25.25
050US19113,13.39,5.58,41.67
050US19147,11.91,9.7,25.75
050US19195,12.48,8.9,33.67
050US20069,13.24,5.1,14.0
050US20143,12.11,7.55,29.5
050US20181,12.49,9.9,40.5
050US21005,11.82,8.8,69.0
050US21025,12.72,15.77,14.14
050US21029,12.69,9.35,96.45
050US21033,10.63,12.87,56.0
050US21043,13.33,12.91,40.0
050US21049,11.53,9.95,66.0
050US21063,11.11,26.35,31.0
050US21071,11.9,14.63,38.1
050US21085,12.33,13.1,46.71
050US21097,12.64,15.12,63.6
050US21109,11.54,14.67,56.33
050US21119,14.08,25.42,45.0
050US21125,12.39,11.45,56.0
050US21135,11.22,13.2,38.5
050US21139,10.27,10.1,54.5
050US21153,11.66,16.82,25.5
050US21159,12.62,18.97,33.67
050US21167,11.74,13.44,70.6
050US21181,12.51,14.4,47.0
050US21183,11.43,12.64,38.14
050US21193,11.25,13.16,21.44
050US21197,12.1,17.5,120.5
050US21205,26.58,9.32,41.75
050US54109,10.93,13.85,44.5
050US55023,11.71,12.42,36.33
050US55037,8.02,8.45,24.0
050US55051,7.7,7.78,25.25
050US55069,11.23,10.9,43.1
050US55075,10.69,10.21,54.54
050US55111,11.44,8.39,66.36
050US41007,11.53,3.62,20.36
050US41017,10.51,9.19,179.52
050US41019,10.34,6.53,38.45
050US41065,11.22,5.75,21.5
050US42003,12.33,8.1,34.7
050US42027,27.08,3.88,21.76
050US42033,11.0,11.07,56.53
050US42041,13.36,4.94,38.21
050US42045,14.08,7.58,42.22
050US42051,11.15,11.64,56.47
050US42061,12.89,9.17,38.0
050US42071,13.2,5.17,35.98
050US42089,15.34,14.49,223.96
050US42095,13.79,8.15,58.9
050US51063,10.39,5.55,39.0
050US51087,11.87,6.18,58.47
050US53077,14.6,7.12,47.15
050US45027,12.97,15.24,38.2
050US45047,13.92,10.05,80.1
050US01043,11.89,10.66,57.82
050US45029,11.44,15.34,75.5
050US45071,13.5,11.8,65.57
050US46067,11.03,6.37,11.0
050US01033,11.56,9.95,62.5
050US02050,16.31,8.43,23.33
050US04007,9.98,9.11,41.47
050US05039,11.87,15.93,40.67
050US06039,14.29,20.04,263.26
050US08043,9.38,10.84,65.38
050US12013,12.27,14.37,49.67
050US12069,10.22,15.5,206.17
050US12129,10.5,9.47,111.25
050US13219,13.3,5.12,42.67
050US16035,9.95,8.95,35.0
050US16069,12.66,5.16,25.5
050US17153,11.17,16.05,37.5
050US18071,11.82,12.82,74.33
050US19087,13.39,9.68,50.4
050US21003,11.68,15.33,53.0
050US21051,11.11,16.52,39.33
050US21165,9.85,15.1,60.0
050US46085,13.98,10.8,7.5
050US47057,11.62,12.55,77.75
050US02195,15.36,,
050US06009,9.67,10.59,182.86
050US08097,10.29,3.97,30.0
050US13007,12.76,18.65,21.5
050US21055,11.19,11.68,22.75
050US22017,12.65,10.8,49.88
050US22115,17.96,10.06,32.67
050US26137,12.09,10.4,60.17
050US29019,23.11,4.91,36.83
050US30005,13.5,5.05,7.0
050US37029,10.85,7.2,122.0
050US40089,12.48,12.65,37.38
050US41023,8.74,6.55,20.5
050US46117,8.27,2.8,8.0
050US47091,10.16,10.62,29.4
050US39047,11.85,23.23,128.14
050US39061,13.22,12.04,64.33
050US39095,13.23,17.19,90.31
050US45055,11.56,9.03,63.64
050US45059,13.29,10.63,69.5
050US45069,12.17,16.79,64.57
050US45073,11.23,8.4,53.0
050US45083,13.43,10.62,71.0
050US45089,12.29,19.24,44.8
050US46009,12.01,5.85,13.5
050US06043,9.16,9.85,72.0
050US06095,12.98,17.84,210.86
050US08035,12.3,7.19,125.69
050US10003,13.44,7.38,53.48
050US12079,11.48,15.24,35.0
050US12113,12.28,11.48,152.32
050US13001,12.64,14.5,37.0
050US13079,11.27,15.0,73.0
050US13135,13.99,11.84,239.65
050US13311,13.19,9.63,153.33
050US47107,11.91,13.84,100.88
050US47117,12.15,10.35,58.33
050US47123,11.8,14.28,100.5
050US47143,13.08,12.78,81.2
050US47151,12.21,16.38,58.8
050US47155,11.83,8.65,129.64
050US47157,13.9,15.75,109.78
050US47165,11.99,7.77,92.76
050US47167,13.21,12.22,82.5
050US47185,11.2,12.55,56.67
050US47189,11.69,6.69,68.82
050US48001,11.41,9.68,28.6
050US48005,13.19,9.65,49.77
050US48029,14.8,9.27,61.49
050US48037,12.53,8.45,43.71
050US48043,10.43,6.9,8.0
050US48051,12.39,12.16,27.0
050US48057,12.88,7.24,26.0
050US48067,11.12,10.83,39.0
050US48091,11.77,5.74,69.27
050US48109,8.88,17.9,13.5
050US48119,12.94,9.6,25.5
050US48173,20.28,8.3,4.0
050US48187,13.7,7.02,46.05
050US48205,7.06,5.1,30.0
050US48215,16.46,14.42,77.01
050US48225,11.1,11.21,23.86
050US48263,9.75,9.2,5.0
050US48273,24.6,9.12,46.4
050US48287,13.92,9.18,25.0
050US48301,2.94,0.0,0.0
050US48311,6.5,13.7,5.0
050US48315,9.77,10.77,26.0
050US48339,12.9,8.19,96.57
050US48343,11.08,12.6,56.67
050US48349,12.97,9.15,38.1
050US48373,11.29,11.09,47.86
050US48377,12.73,12.95,12.0
050US48383,13.17,12.8,35.0
050US48405,10.33,11.97,16.0
050US48407,10.51,10.62,48.5
050US46041,15.09,8.09,2.38
050US46071,15.73,6.7,1.33
050US46075,6.67,6.3,4.0
050US46079,14.29,3.33,16.0
050US46127,11.59,4.3,25.67
050US47013,11.1,12.19,51.45
050US47021,11.94,8.44,96.8
050US47031,11.9,9.24,51.7
050US47035,9.16,8.9,57.5
050US47037,13.06,8.25,52.51
050US47041,11.27,10.17,67.67
050US47065,12.42,9.83,65.96
050US47089,13.16,10.18,69.0
050US56003,11.52,5.6,22.33
050US56013,12.13,3.61,14.0
050US56031,10.6,4.45,23.5
050US56035,9.93,3.5,35.0
050US01041,11.61,12.17,22.83
050US02100,6.39,6.1,14.0
050US04001,15.14,13.87,23.0
050US05001,12.4,11.46,31.88
050US05029,11.25,9.37,30.83
050US05057,12.81,11.82,44.2
050US39115,11.68,17.32,53.75
050US40113,11.92,10.63,57.9
050US41015,7.12,6.16,29.2
050US42049,14.09,8.39,39.49
050US42101,13.87,10.57,55.7
050US45009,16.85,19.15,62.5
050US45057,10.41,12.2,78.69
050US45087,11.67,15.83,59.67
050US47025,13.08,12.49,45.11
050US47053,12.65,12.9,53.93
050US47135,11.78,21.2,56.5
050US47163,11.38,7.12,40.89
050US48089,12.09,7.98,20.4
050US48135,15.19,11.6,45.1
050US48203,13.26,8.54,50.33
050US48323,17.46,14.49,43.0
050US48351,15.17,12.57,24.5
050US48379,9.46,9.15,37.0
050US48409,13.75,8.23,36.93
050US48465,16.11,10.21,32.22
050US49007,14.49,5.37,28.17
050US49019,12.47,3.93,15.67
050US51005,11.11,8.42,30.2
050US51029,10.91,9.85,52.5
050US51089,10.62,11.74,68.23
050US51141,10.07,9.67,55.33
050US51193,9.16,7.3,61.0
050US53011,12.54,7.12,69.48
050US53045,10.47,7.28,55.0
050US54025,10.05,7.61,39.43
050US55001,8.06,13.82,93.6
050US08027,8.58,5.2,38.0
050US08051,21.74,8.57,59.0
050US05041,12.12,11.82,30.2
050US13261,17.77,11.78,47.88
050US18179,11.9,11.07,67.71
050US22111,12.35,13.82,48.0
050US23003,11.19,11.62,39.62
050US40133,13.57,12.39,26.89
050US35019,8.47,10.6,23.0
050US37105,12.52,8.47,80.57
050US37125,9.97,6.13,50.77
050US19035,10.21,7.72,28.0
050US20033,10.28,10.8,17.0
050US20149,12.04,5.35,29.5
050US21027,11.52,10.54,38.4
050US21147,11.89,18.55,75.5
050US21175,11.16,14.26,18.2
050US22005,12.88,7.77,75.86
050US22015,13.27,7.82,51.11
050US22025,13.61,16.33,39.67
050US22037,11.77,13.68,59.0
050US22091,11.49,19.85,79.0
050US22109,12.86,8.55,47.6
050US24029,15.65,7.16,43.4
050US24047,9.77,7.44,100.25
050US26055,11.06,8.69,76.38
050US27015,13.15,10.33,54.57
050US27167,11.4,8.65,37.5
050US28051,16.53,22.38,64.2
050US29013,11.51,13.35,55.5
050US29095,12.27,11.65,58.77
050US30053,9.54,7.12,28.6
050US35033,12.27,12.3,20.0
050US36059,12.97,7.69,64.32
050US38003,13.82,5.0,12.5
050US38055,9.37,4.4,8.0
050US40055,12.03,14.2,37.0
050US40117,11.96,12.78,43.8
050US42043,12.15,7.66,45.93
050US42097,10.86,10.86,53.96
050US45015,13.67,10.55,116.32
050US45067,11.91,18.95,72.75
050US47009,11.87,8.23,77.11
050US47129,12.04,13.1,49.6
050US48065,12.35,8.1,29.0
050US48157,13.22,9.85,138.02
050US12057,13.1,17.96,161.59
050US12089,10.57,10.65,158.25
050US13025,12.81,19.77,73.67
050US39167,12.73,9.98,48.75
050US40023,11.15,13.08,29.8
050US18007,12.17,16.9,78.33
050US18051,12.74,11.1,103.2
050US18123,10.97,14.42,69.6
050US20083,11.89,4.8,8.0
050US20203,10.87,16.6,43.0
050US21079,10.77,10.4,51.75
050US21123,12.16,13.93,88.67
050US21209,13.53,6.6,61.86
050US22065,13.21,14.06,26.4
050US22105,14.62,10.39,61.17
050US23025,10.42,13.32,47.56
050US26007,11.02,9.0,42.3
050US28017,13.7,19.23,79.5
050US48419,13.73,13.13,32.17
050US54083,11.94,9.1,37.0
050US06063,9.04,11.05,80.83
050US48129,15.62,10.15,14.5
050US48313,13.2,10.93,19.5
050US53027,10.85,8.26,53.75
050US54059,10.68,11.89,32.0
050US05119,12.66,8.49,47.37
050US06093,10.31,11.9,47.21
050US02170,13.16,4.83,50.38
050US13075,13.02,15.9,63.5
050US25005,13.12,12.66,83.43
050US13303,12.72,18.62,70.0
050US17017,11.91,11.06,34.4
050US22043,11.23,13.56,48.0
050US22127,12.58,14.43,40.25
050US10001,14.27,8.15,61.71
050US12075,10.6,15.63,91.57
050US27021,9.56,9.34,48.12
050US28089,13.27,8.35,52.05
050US29227,10.49,13.2,17.0
050US30043,11.33,3.97,17.67
050US30081,10.42,6.35,46.62
050US34027,12.78,4.95,44.55
050US36075,15.28,8.47,40.8
050US37021,11.16,4.83,43.0
050US37107,11.92,12.01,50.79
050US37145,11.64,12.4,89.17
050US37193,11.39,9.79,58.5
050US40141,11.98,14.14,26.4
050US41031,11.92,6.88,76.0
050US41047,13.57,5.44,44.8
050US27087,12.33,11.4,25.0
050US27173,11.16,10.1,28.75
050US28109,13.37,11.54,85.5
050US29027,14.72,10.4,66.88
050US30009,9.12,4.26,9.4
050US30033,17.27,1.7,1.0
050US31033,10.96,9.93,39.33
050US34031,13.92,13.83,98.04
050US35017,11.41,6.53,19.25
050US36009,13.25,8.22,34.71
050US36061,11.24,2.94,6.72
050US36071,15.24,9.57,75.87
050US37015,11.3,13.22,60.0
050US37101,12.33,9.76,136.87
050US37131,10.75,11.15,63.5
050US37159,12.83,8.62,51.21
050US37183,13.28,4.98,67.25
050US13201,9.51,16.47,29.0
050US13265,11.17,16.6,17.0
050US44009,18.2,7.99,73.31
050US45003,12.12,7.61,51.88
050US45007,12.46,8.89,58.74
050US45017,11.27,11.17,48.67
050US45035,12.67,9.85,119.71
050US45041,12.84,11.37,56.93
050US45045,12.8,8.7,55.03
050US45051,10.96,10.3,157.49
050US30007,11.11,5.9,17.5
050US30093,15.76,6.1,35.0
050US37051,17.34,7.94,62.27
050US37139,13.17,10.34,69.86
050US45061,14.03,14.84,38.86
050US46055,11.0,8.8,11.0
050US47045,12.67,11.84,70.38
050US47127,11.56,6.95,15.0
050US51081,10.2,11.15,50.5
050US51105,10.05,14.2,42.17
050US51195,12.93,13.16,41.91
050US54007,11.01,8.7,26.33
050US54099,11.41,10.95,39.73
050US42031,16.68,9.66,42.22
050US01009,11.98,9.38,68.62
050US01047,13.56,15.37,43.46
050US05073,12.23,12.5,39.5
050US06027,10.14,10.63,21.86
050US06053,14.39,15.95,118.3
050US06099,14.3,23.52,277.23
050US08111,3.86,7.9,7.0
050US12045,10.88,13.67,97.33
050US12105,12.42,17.56,139.95
050US12121,11.15,16.27,87.67
050US16041,13.37,5.15,37.5
050US16079,10.23,8.33,58.67
050US18021,11.89,16.93,102.0
050US48175,12.03,8.0,14.0
050US48503,11.57,11.0,50.5
050US51113,11.01,6.85,59.0
050US53033,11.61,4.11,38.81
050US53057,11.77,5.71,40.96
050US06091,7.65,12.2,65.0
050US18125,11.14,15.05,54.5
050US26003,11.06,7.53,28.5
050US27103,16.66,6.25,42.67
050US01039,11.08,10.09,28.64
050US01061,11.57,12.18,55.5
050US01075,10.97,12.37,52.67
050US04011,14.28,11.47,14.33
050US01013,11.81,16.37,30.89
050US01015,13.38,9.76,48.61
050US21235,15.42,12.56,45.25
050US22057,12.86,8.85,37.14
050US24023,11.87,7.37,44.43
050US26013,11.99,7.5,28.33
050US26071,8.9,8.82,28.6
050US47145,11.26,9.52,61.9
050US47183,20.15,11.84,49.0
050US48041,29.99,5.53,26.2
050US48079,12.6,10.9,21.0
050US48341,15.51,9.0,46.0
050US49005,23.8,3.27,20.23
050US49023,15.17,8.35,50.0
050US51103,8.1,4.4,26.75
050US51157,10.09,6.45,39.0
050US53019,10.37,6.7,12.67
050US53075,38.16,2.93,12.7
050US55011,10.66,8.94,25.2
050US56033,11.52,3.63,21.33
050US56039,8.79,10.57,103.0
050US05085,12.65,7.38,38.33
050US06089,11.74,13.2,117.09
050US08005,12.37,10.4,96.83
050US08033,4.94,14.5,33.0
050US01073,12.81,11.84,77.62
050US01129,13.5,15.92,42.8
050US02290,13.04,8.72,7.75
050US42131,12.8,7.67,38.0
050US45021,13.51,14.02,86.11
050US27137,16.0,8.62,34.07
050US28021,24.05,16.63,58.0
050US28053,12.81,19.5,59.67
050US28137,15.79,13.15,103.5
050US30003,14.0,11.1,9.0
050US30035,14.64,5.88,11.6
050US30061,10.33,7.3,20.0
050US30089,9.3,5.75,20.25
050US31009,7.5,6.5,1.0
050US32033,10.62,13.27,43.67
050US34009,10.97,7.76,103.88
050US36017,11.73,8.98,39.45
050US37019,8.42,6.62,158.91
050US37047,12.46,13.91,47.77
050US37079,11.73,9.8,56.0
050US37147,21.62,8.37,62.86
050US37173,12.19,7.93,38.33
050US45065,7.79,9.17,33.0
050US46003,13.05,4.1,7.0
050US47055,12.16,10.64,40.25
050US47085,11.86,12.82,53.4
050US05145,15.86,7.48,42.33
050US13107,13.19,13.93,41.33
050US16007,12.14,6.1,29.5
050US47119,11.44,8.72,76.67
050US47147,12.2,8.79,82.2
050US48015,12.09,8.86,42.2
050US48277,12.35,10.69,54.3
050US48391,12.81,8.5,19.67
050US48469,13.57,7.85,29.14
050US49057,14.3,7.12,60.48
050US51003,15.58,2.78,26.44
050US51031,11.84,7.01,52.0
050US51059,12.3,6.03,84.32
050US51121,30.31,3.07,21.33
050US51155,10.66,7.23,53.57
050US53067,12.09,4.78,67.56
050US54031,10.28,12.07,69.0
050US54057,12.78,8.0,41.0
050US54085,10.35,10.73,31.33
050US55007,9.52,8.7,34.67
050US55057,10.18,12.47,47.0
050US55121,11.25,10.59,38.5
050US41003,26.06,2.41,13.0
050US42023,10.35,13.1,46.5
050US42055,11.77,7.19,52.92
050US44007,14.76,14.59,102.49
050US21203,11.54,10.45,36.5
050US05017,11.47,10.78,32.25
050US13215,14.28,9.99,50.14
050US13301,8.44,20.23,32.67
050US16013,11.4,4.22,45.5
050US16031,14.16,7.07,26.67
050US17125,11.11,13.35,46.17
050US24015,12.45,7.3,83.25
050US24039,19.44,9.7,48.86
050US17007,14.38,13.47,215.0
050US18053,16.56,17.07,122.44
050US20065,8.29,9.85,14.5
050US21011,12.1,16.3,42.67
050US21067,17.53,5.79,40.69
050US21101,11.56,10.59,55.36
050US21133,10.62,20.52,56.33
050US22077,11.87,11.8,48.67
050US22103,12.07,8.2,91.17
050US08069,17.93,5.74,53.41
050US12029,9.52,16.85,90.0
050US27067,12.3,8.2,40.75
050US27119,12.79,9.28,34.8
050US20067,14.39,6.0,34.0
050US21089,11.18,8.19,59.14
050US26089,9.86,4.66,29.43
050US26141,9.39,9.9,30.0
050US32031,12.76,13.52,166.78
050US38097,13.83,4.28,9.25
050US47105,10.47,8.07,70.57
050US13309,16.17,19.75,30.0
050US17003,8.83,16.15,31.5
050US17189,10.6,9.85,41.0
050US19003,10.04,6.7,12.0
050US19163,12.48,7.58,41.44
050US20195,12.11,8.3,32.0
050US21187,12.15,12.2,39.0
050US22063,12.64,8.09,96.54
050US22101,12.28,11.37,29.38
050US08117,11.05,2.98,92.75
050US12007,10.7,14.53,80.75
050US13031,27.72,9.71,53.2
050US39123,10.36,12.43,81.08
050US40101,13.12,10.72,48.87
050US27069,11.34,12.75,29.0
050US27107,11.62,11.13,29.33
050US27145,19.15,7.88,54.89
050US28049,15.73,18.82,105.46
050US29171,11.65,7.05,15.5
050US30075,12.72,4.8,4.0
050US32011,7.6,13.8,8.0
050US34033,12.34,10.89,43.2
050US36113,10.99,7.19,39.18
050US37031,9.98,4.13,48.5
050US37113,9.81,6.21,50.29
050US38035,23.66,4.56,18.65
050US39055,12.98,8.96,69.14
050US46023,13.61,5.17,9.33
050US47093,15.72,7.66,52.84
050US01071,11.04,10.05,52.64
050US13019,11.57,14.53,46.33
050US48061,16.09,14.11,42.4
050US48185,12.83,9.09,20.71
050US48239,12.04,8.97,33.67
050US06011,13.48,15.84,104.4
050US16029,12.32,6.3,29.0
050US01021,12.29,10.42,52.33
050US01027,13.27,12.77,30.5
050US01029,11.08,11.38,37.25
050US04023,14.66,13.2,133.43
050US01093,11.69,12.84,44.5
050US05053,12.4,8.55,36.0
050US01103,12.14,8.53,54.0
050US01133,10.89,14.26,63.2
050US02070,15.5,6.4,8.5
050US02110,12.71,3.13,22.83
050US02150,13.55,3.04,9.4
050US02220,11.41,3.7,14.5
050US02261,10.13,4.87,14.0
050US48389,14.7,14.6,20.0
050US49017,12.38,7.63,14.67
050US51093,10.83,6.35,57.83
050US51171,11.03,6.95,65.62
050US53021,14.41,5.84,49.4
050US53055,7.67,4.95,20.25
050US05069,14.3,11.12,33.62
050US05107,13.57,13.73,46.5
050US06041,10.08,3.45,30.47
050US06077,14.6,24.18,243.35
050US08001,13.1,14.98,130.34
050US01059,13.63,13.71,49.0
050US01097,13.4,12.59,55.94
050US48283,13.81,17.85,15.5
050US48401,12.79,9.17,32.17
050US48459,12.27,9.17,41.86
050US49037,15.71,3.83,13.0
050US51027,10.35,16.64,37.71
050US51101,12.58,6.6,65.33
050US51147,30.68,9.23,56.33
050US51191,11.41,6.97,44.2
050US54003,11.79,12.74,236.55
050US54041,10.86,9.12,30.4
050US42017,12.15,5.13,40.86
050US05043,18.72,8.52,25.0
050US05049,10.6,8.85,39.0
050US02020,14.38,3.41,27.58
050US04021,11.8,21.22,261.03
050US13113,14.14,7.83,88.42
050US13151,14.73,15.68,425.47
050US13191,9.92,15.27,73.0
050US23027,10.86,9.69,62.14
050US24027,12.63,4.16,60.93
050US05135,10.36,9.68,43.75
050US09005,11.51,7.31,47.43
050US09013,22.43,5.08,45.41
050US12115,8.57,18.01,165.44
050US05101,11.17,16.05,84.0
050US05105,11.93,8.1,25.0
050US05115,17.28,6.77,39.82
050US05005,8.82,6.58,36.67
050US05009,11.48,9.35,75.0
050US08021,12.85,18.73,38.33
050US08039,12.02,10.12,100.6
050US08059,11.61,6.6,56.53
050US01037,10.4,10.7,31.67
050US08073,9.88,14.15,36.0
050US08101,13.21,17.55,85.02
050US08121,12.13,11.95,25.0
050US08125,10.76,9.65,46.5
050US05077,12.36,12.4,26.5
050US01017,13.26,17.56,80.0
050US05129,10.17,13.83,45.67
050US13063,14.67,21.88,227.78
050US13159,11.91,14.75,80.0
050US06031,15.46,16.7,123.42
050US06035,14.95,11.99,69.14
050US06075,9.23,3.44,15.98
050US08003,21.64,16.27,62.75
050US08015,8.11,4.88,30.0
050US13003,14.06,18.57,21.0
050US12035,9.82,17.28,494.25
050US12059,11.66,17.5,56.75
050US12087,9.22,15.09,88.62
050US12109,11.43,8.95,187.58
050US12111,11.21,25.66,286.94
050US05149,12.4,9.0,41.25
050US06021,13.68,12.48,72.83
050US06025,15.3,30.64,235.38
050US06061,11.75,12.97,205.88
050US06109,9.95,9.25,89.0
050US13117,12.26,6.32,260.75
050US13169,12.36,12.54,92.6
050US13197,12.12,14.8,50.0
050US17067,10.85,14.5,52.29
050US17183,12.23,13.58,60.6
050US13059,29.31,6.33,30.93
050US13069,14.69,17.56,71.62
050US13083,16.04,12.5,78.67
050US17053,12.11,9.34,39.4
050US13145,12.7,8.1,90.25
050US13023,20.88,11.67,44.33
050US13037,11.71,20.15,42.5
050US13053,34.81,12.0,19.0
050US17073,11.69,10.65,59.31
050US17097,14.99,9.45,81.55
050US17059,10.03,14.95,39.5
050US17063,12.58,10.23,97.89
050US13093,12.85,18.67,54.33
050US16051,14.11,6.55,49.5
050US16065,34.6,3.43,16.83
050US13111,9.44,10.8,106.4
050US13243,11.32,21.9,65.0
050US13257,14.48,12.65,92.5
050US17011,11.67,8.92,45.6
050US17015,10.87,10.93,37.17
050US18099,13.51,15.37,84.25
050US18101,12.29,12.07,44.33
050US13287,10.88,16.95,55.5
050US13295,12.0,15.02,101.92
050US15003,12.95,4.31,24.59
050US16009,10.73,9.05,40.5
050US18003,13.61,14.25,82.12
050US17149,11.44,12.58,42.2
050US17159,11.06,15.38,53.6
050US17107,14.29,13.93,70.0
050US17115,12.73,12.26,52.75
050US17121,11.55,12.99,52.75
050US17131,11.24,11.65,68.0
050US17135,11.32,14.6,61.75
050US17145,12.54,13.82,54.67
050US13233,12.68,14.77,94.86
050US13239,8.35,21.3,18.5
050US18031,13.1,17.82,104.17
050US18037,12.5,7.21,54.43
050US18041,12.25,18.69,105.29
050US18055,11.44,15.74,75.88
050US18065,12.3,16.65,95.23
050US18075,13.07,14.36,58.71
050US18085,13.53,12.83,75.21
050US18091,12.23,13.42,78.31
050US18109,12.55,13.41,149.0
050US16019,13.42,4.2,31.95
050US16021,11.01,6.65,48.5
050US16045,11.95,8.63,84.0
050US17029,21.07,9.3,50.42
050US18181,11.59,11.81,57.75
050US19007,10.33,10.28,27.2
050US19017,16.07,4.82,18.62
050US19025,11.0,8.75,28.5
050US18095,12.42,16.89,102.56
050US18097,13.3,16.58,109.04
050US17173,11.28,11.1,50.67
050US17177,11.77,11.24,61.31
050US16075,12.42,7.45,62.75
050US17005,13.94,9.7,47.0
050US19103,24.1,2.32,20.32
050US19117,12.0,9.1,24.0
050US19127,12.62,7.67,42.1
050US19131,12.12,9.93,41.67
050US20105,12.01,9.0,25.0
050US20109,11.64,6.2,20.0
050US20111,21.29,11.16,50.0
050US20113,13.76,5.79,31.14
050US19135,10.9,9.33,22.67
050US19041,10.97,8.68,44.75
050US18017,12.85,16.72,91.09
050US20049,8.47,19.2,46.0
050US20057,14.76,6.35,35.67
050US18115,9.58,11.9,54.0
050US18119,11.22,14.74,77.4
050US18121,11.39,12.95,60.75
050US20091,12.15,5.31,51.43
050US20097,16.75,10.3,33.0
050US20101,12.06,8.5,19.0
050US19049,10.88,8.57,67.11
050US18133,18.22,12.73,88.43
050US18157,27.54,7.84,43.81
050US18111,11.39,17.45,102.5
050US17021,11.48,10.68,53.5
050US19159,10.83,5.1,11.5
050US19165,11.16,8.43,30.75
050US20063,8.17,7.05,8.0
050US20073,9.89,11.0,29.0
050US20077,10.17,10.57,25.0
050US20085,11.92,8.43,53.67
050US19169,34.07,3.38,17.5
050US19189,14.56,12.67,67.67
050US20001,13.27,8.32,25.6
050US20009,12.73,8.47,37.12
050US20015,13.69,6.35,42.15
050US20025,11.01,8.5,21.0
050US20029,13.5,9.47,24.25
050US20043,18.61,10.87,27.67
050US40045,11.0,10.75,19.5
050US48309,18.98,9.1,38.12
050US48337,10.93,9.4,25.5
050US48355,14.4,8.37,48.45
050US51720,8.35,12.6,56.0
050US51740,13.31,10.77,68.06
050US18143,12.44,17.76,107.2
050US18171,10.65,12.2,69.0
050US18177,13.2,17.31,109.76
050US19097,11.56,8.65,30.83
050US19141,11.5,10.97,48.75
050US19055,11.79,8.43,47.75
050US19073,11.34,12.88,40.5
050US19079,10.85,9.66,48.6
050US40041,11.19,10.91,56.57
050US46111,11.73,8.6,11.0
050US51810,13.41,5.31,59.67
050US20087,11.19,10.5,90.0
050US20089,9.26,7.4,9.5
050US46109,13.51,4.98,6.17
050US46121,16.92,33.6,33.5
050US53051,10.14,6.48,19.8
050US53059,10.4,7.48,25.6
050US54011,16.78,8.95,32.7
050US23011,12.16,10.64,53.39
050US24019,10.41,9.47,52.8
050US38103,8.06,5.47,5.67
050US30101,12.56,4.4,12.0
050US31003,11.25,10.13,21.33
050US48275,13.1,15.65,27.0
050US31029,10.42,12.6,56.0
050US24025,12.57,6.35,72.91
050US24035,11.59,5.77,57.9
050US25009,13.28,10.43,74.06
050US26015,12.05,11.23,107.0
050US38045,10.56,4.7,9.5
050US38051,8.74,9.2,20.0
050US38095,8.01,7.25,6.0
050US38101,16.75,2.26,12.0
050US25003,13.1,10.19,47.37
050US25011,10.62,9.28,59.94
050US25021,12.64,5.98,56.96
050US26159,12.39,9.89,62.12
050US26165,11.27,13.56,69.75
050US40151,20.14,8.13,20.33
050US42073,12.1,12.92,51.19
050US42083,12.96,13.74,67.5
050US48441,18.18,6.59,25.64
050US48451,15.92,7.99,39.22
050US55123,11.32,8.64,30.86
050US47115,11.11,13.43,163.33
050US47125,15.24,6.75,59.96
050US51153,13.2,14.71,299.83
050US46015,11.55,4.9,11.0
050US46035,14.09,4.58,23.0
050US46039,10.52,6.6,14.0
050US46049,9.73,8.9,11.0
050US51075,10.55,4.78,31.6
050US45001,13.38,11.08,48.33
050US48045,14.68,9.5,12.0
050US51181,12.35,8.9,38.5
050US29005,9.62,8.8,30.5
050US29009,12.11,7.55,42.67
050US39159,12.56,11.71,116.29
050US31171,11.32,15.3,6.0
050US48145,12.38,11.71,20.0
050US36057,11.94,10.64,30.62
050US36067,14.35,7.11,30.26
050US39105,10.86,17.4,56.67
050US27153,11.45,11.07,33.88
050US27157,10.7,8.32,43.5
050US28013,12.17,16.52,49.6
050US26023,11.5,11.34,56.08
050US37001,14.18,8.38,64.48
050US55077,9.11,10.94,53.4
050US29203,11.53,9.85,24.5
050US29133,10.85,11.77,44.0
050US29149,10.83,9.67,20.33
050US31031,9.52,5.1,12.5
050US31035,11.42,10.25,40.0
050US31037,13.01,10.97,38.33
050US38027,11.37,3.73,3.33
050US13205,12.34,16.44,60.8
050US13315,12.16,18.32,27.75
050US16033,19.03,9.3,4.0
050US17043,12.96,7.05,91.33
050US47101,11.16,12.0,67.0
050US48385,12.01,5.2,11.0
050US48399,13.11,10.53,23.5
050US55085,9.38,7.91,50.91
050US40131,13.5,9.07,34.46
050US48093,11.74,8.07,18.5
050US36019,17.14,7.38,32.26
050US31051,12.16,8.03,16.0
050US41025,10.53,7.8,35.5
050US47087,11.43,12.52,27.5
050US28023,12.39,14.85,63.5
050US48485,17.03,8.4,31.86
050US48489,17.22,15.14,39.6
050US50025,11.47,4.86,16.17
050US21075,11.1,12.9,54.0
050US21083,12.35,8.76,42.33
050US26027,11.87,12.72,57.67
050US30067,8.91,3.18,13.33
050US30095,10.83,6.08,13.5
050US36073,12.07,8.58,49.1
050US48049,13.68,9.47,27.25
050US48069,14.47,8.23,19.0
050US13273,12.09,20.52,69.0
050US45081,12.24,11.7,53.0
050US46005,9.97,6.33,18.67
050US46011,29.87,3.82,21.8
050US29021,13.01,8.68,38.69
050US29035,12.89,9.35,17.5
050US26037,13.18,9.46,59.17
050US26051,10.21,10.31,45.56
050US40001,13.19,15.1,47.8
050US40005,11.29,12.4,23.5
050US40033,13.26,10.05,35.0
050US08053,5.92,3.3,6.0
050US12031,12.8,14.43,142.95
050US12119,4.38,12.9,104.6
050US13073,12.82,5.49,84.85
050US55105,12.95,13.48,95.03
050US55119,11.28,9.83,40.17
050US41011,10.32,5.42,36.17
050US51079,10.92,5.25,85.0
050US32013,11.73,10.53,63.67
050US27095,11.44,15.14,101.57
050US27101,10.07,7.83,30.33
050US27109,11.59,5.12,38.03
050US27125,9.63,13.55,21.5
050US54049,14.61,8.28,27.89
050US54073,12.08,10.25,37.5
050US55067,10.9,8.82,49.83
050US55073,12.05,8.94,60.22
050US17137,14.43,12.3,54.8
050US42121,11.01,10.08,40.69
050US44001,14.95,7.82,62.18
050US48107,13.33,12.0,22.0
050US39099,12.41,22.18,93.35
050US39103,12.04,9.99,89.24
050US32009,2.55,19.8,4.0
050US41027,12.71,2.83,18.5
050US41049,13.73,5.7,24.5
050US48507,16.2,18.3,16.5
050US49009,14.22,6.0,6.0
050US49021,19.88,9.29,96.43
050US56041,12.69,3.87,33.0
050US51011,11.43,6.57,45.67
050US51025,12.61,11.57,56.0
050US21045,12.06,12.44,27.6
050US21113,14.31,7.14,62.38
050US21141,11.96,10.17,50.83
050US41059,13.41,5.52,27.2
050US40017,12.02,8.47,57.54
050US56045,11.25,5.05,18.5
050US23019,14.17,11.11,44.02
050US51043,12.5,7.13,64.33
050US48251,13.26,8.99,64.26
050US51135,12.74,11.77,58.33
050US22095,13.41,14.81,90.82
050US22125,14.48,14.13,32.33
050US26061,24.98,7.27,25.55
050US48231,14.06,10.72,46.29
050US48279,13.66,13.3,30.4
050US04003,12.38,8.47,62.62
050US29081,10.71,9.63,23.0
050US31023,12.02,9.7,29.0
050US37189,32.11,3.96,27.9
050US38007,6.66,3.1,1.0
050US51630,22.04,9.76,58.0
050US42013,11.6,8.74,44.21
050US42117,12.89,7.84,28.5
050US26065,23.13,11.66,65.35
050US29167,17.37,8.18,79.0
050US19191,19.13,5.86,22.2
050US29085,8.35,13.2,38.33
050US40035,11.51,10.36,29.6
050US49027,13.06,7.43,33.33
050US50009,9.73,9.28,14.75
050US47139,11.11,14.0,61.0
050US47153,11.35,13.7,136.5
050US48497,12.61,7.75,41.27
050US13223,13.61,14.93,543.0
050US55127,16.79,8.12,101.71
050US56001,30.25,1.62,4.9
050US56005,12.2,3.61,27.0
050US21201,12.97,11.9,16.0
050US20023,11.21,10.2,25.0
050US47169,14.44,18.5,101.5
050US50019,10.75,8.36,23.7
050US48413,11.37,12.55,10.5
050US46059,10.54,5.3,8.0
050US46063,13.96,11.4,8.0
050US46077,10.31,4.85,12.0
050US46087,11.61,7.1,20.5
050US46089,8.29,6.8,10.0
050US56015,13.02,6.1,21.0
050US47177,11.88,14.58,69.67
050US48017,15.95,9.7,49.0
050US48131,13.76,14.38,23.5
050US48143,25.23,7.01,27.57
050US42011,13.89,8.57,55.52
050US42019,12.62,6.05,35.0
050US42105,10.92,8.92,32.8
050US42115,10.82,7.93,33.55
050US51049,13.09,11.35,94.5
050US26017,11.72,11.63,71.29
050US51685,12.99,10.95,234.5
050US48163,19.51,12.5,29.67
050US48165,14.71,10.43,38.33
050US48179,11.84,8.73,26.14
050US28047,13.78,10.26,58.59
050US48285,11.17,7.55,14.0
050US48303,20.91,6.52,31.23
050US51540,22.4,3.98,16.46
050US51570,11.04,6.86,41.2
050US51610,11.66,4.5,29.67
050US02060,9.33,5.0,5.0
050US02068,19.04,4.3,5.0
050US02188,15.8,9.75,15.5
050US02230,9.52,,
050US02275,9.38,,
050US30019,7.47,1.7,2.5
050US39025,11.99,10.14,96.21
050US39053,12.36,13.73,56.43
050US39067,10.92,14.04,49.8
050US31153,12.91,5.64,45.15
050US02013,11.91,10.3,13.0
050US40093,10.25,11.17,23.67
050US40103,11.79,7.5,24.0
050US40053,11.88,7.75,18.5
050US31081,12.63,7.77,30.0
050US31109,18.76,5.76,40.17
050US31119,13.62,9.0,44.75
050US01057,12.02,11.68,37.4
050US01111,12.47,8.85,31.33
050US05021,11.63,11.07,33.0
050US05023,10.1,5.72,35.8
050US05037,12.67,9.93,30.83
050US27071,10.37,11.43,46.25
050US19197,10.57,9.72,38.4
050US20013,10.67,10.37,35.0
050US40107,12.4,12.57,23.75
050US31053,12.88,10.26,56.89
050US31123,10.39,12.2,52.0
050US21041,10.95,14.07,55.67
050US39135,11.89,12.66,88.4
050US39119,13.33,17.95,105.32
050US05051,11.03,6.98,42.42
050US31095,9.95,10.93,31.0
050US29173,11.42,7.8,24.0
050US40021,18.8,8.9,39.25
050US36079,12.82,6.14,61.89
050US36097,10.99,7.18,27.4
050US29011,12.42,11.4,46.67
050US39127,12.43,16.32,104.0
050US20045,26.99,4.45,32.18
050US20051,21.29,5.1,32.2
050US20055,15.62,5.18,35.67
050US29177,12.16,11.3,98.75
050US28153,13.11,18.32,76.75
050US28159,11.9,19.76,83.4
050US28161,11.9,16.47,68.67
050US20173,13.62,7.13,41.2
050US20177,12.53,9.53,56.8
050US20185,11.82,16.7,36.5
050US29017,11.17,10.2,26.67
050US29047,12.26,7.83,82.24
050US20059,13.28,10.54,73.6
050US39163,11.99,17.17,57.33
050US29105,11.62,10.18,64.0
050US29109,12.39,8.22,60.0
050US31137,12.12,6.83,27.0
050US33003,9.76,6.55,54.73
050US39009,32.27,11.81,40.87
050US19181,14.07,7.0,39.92
050US19185,11.1,8.03,16.33
050US19187,15.03,9.59,42.08
050US21207,11.06,12.15,51.0
050US38065,8.55,6.2,10.0
050US06111,13.8,10.95,101.12
050US08009,9.32,16.85,37.5
050US08011,9.21,22.6,107.0
050US08017,10.59,15.0,24.0
050US29125,12.02,14.87,37.0
050US31133,10.01,14.3,29.0
050US20175,14.88,4.98,23.4
050US22023,12.67,12.2,43.5
050US22041,12.66,12.32,35.33
050US22051,11.47,9.45,53.77
050US22075,12.42,11.74,24.38
050US39171,11.85,15.74,104.11
050US20017,11.42,10.1,25.0
050US20183,8.35,6.1,8.5
050US20189,11.92,4.55,12.0
050US20037,22.02,8.89,31.27
050US20027,10.34,6.65,34.5
050US20031,11.91,9.57,31.0
050US29223,10.47,8.9,19.0
050US29510,12.61,14.75,64.5
050US21021,16.8,8.21,39.86
050US36107,11.81,7.09,45.5
050US20159,16.29,11.7,51.33
050US20169,13.16,7.38,49.83
050US21137,11.2,12.1,71.25
050US39147,15.06,13.12,79.21
050US39153,12.7,15.51,103.13
050US40037,12.32,11.87,41.52
050US34037,12.84,8.34,69.5
050US32023,8.72,15.63,123.9
050US32510,11.63,9.08,81.6
050US40039,20.53,7.98,36.2
050US40043,12.63,11.4,13.33
050US39131,12.23,16.47,63.33
050US29077,17.18,6.57,45.08
050US28115,13.03,14.08,73.4
050US28129,12.24,16.8,72.67
050US31177,12.04,6.8,36.4
050US20125,12.69,10.01,31.0
050US20209,13.02,14.3,49.76
050US21001,15.82,13.55,32.17
050US21077,13.43,11.1,106.0
050US23021,9.91,13.46,41.29
050US24009,13.36,7.22,96.24
050US06103,11.72,12.93,113.91
050US40009,12.44,9.03,38.75
050US40019,12.64,10.25,40.36
050US31041,10.92,7.58,19.5
050US38089,13.41,2.49,8.12
050US26131,7.84,7.4,18.0
050US38061,14.26,2.43,2.75
050US29001,32.04,10.8,20.43
050US51790,12.31,6.72,40.83
050US40069,12.87,13.13,36.67
050US46097,8.84,4.5,8.0
050US21171,11.8,15.0,39.25
050US26075,13.02,14.74,88.59
050US26079,10.42,13.9,81.0
050US26095,11.38,7.3,26.33
050US26133,11.94,11.58,50.5
050US26143,8.57,11.35,47.27
050US39007,11.94,15.04,95.23
050US36121,11.93,7.77,35.45
050US37121,10.92,8.95,37.25
050US37141,11.09,7.9,88.29
050US39073,11.61,13.9,66.57
050US39077,12.56,15.12,97.31
050US46099,12.88,4.79,33.55
050US54015,10.95,18.13,38.0
050US26119,8.27,12.48,34.8
050US21103,12.44,10.62,50.25
050US36033,13.47,9.15,32.23
050US36051,18.6,6.53,39.6
050US31055,13.24,7.88,40.14
050US40047,12.65,8.33,46.09
050US13047,12.44,10.99,124.12
050US20131,12.7,9.43,34.0
050US20141,10.3,8.9,36.0
050US31047,13.04,9.17,39.29
050US47039,10.76,13.3,65.0
050US55025,17.14,4.6,38.49
050US39129,13.16,12.98,68.83
050US39019,11.6,14.77,76.86
050US35003,6.95,14.95,4.5
050US35021,2.61,31.0,6.0
050US35037,9.24,9.43,18.25
050US20193,16.83,5.1,25.5
050US21013,11.69,14.23,27.9
050US39097,11.61,10.73,55.6
050US28067,13.1,13.89,79.18
050US21173,12.02,15.82,111.8
050US29119,12.97,11.05,55.0
050US31161,11.18,5.1,10.67
050US55039,12.57,8.37,60.3
050US55059,14.21,10.54,95.45
050US39151,12.76,15.23,109.22
050US40031,16.62,10.31,46.83
050US28071,27.0,7.1,66.4
050US28085,12.94,14.15,71.0
050US39083,15.89,10.21,70.55
050US39091,12.06,13.89,89.18
050US29061,12.54,7.9,27.5
050US29067,10.16,9.13,23.0
050US40121,11.18,9.02,32.77
050US40127,10.96,12.53,33.67
050US46125,10.2,7.55,34.5
050US21199,11.51,13.68,73.45
050US26149,12.5,12.86,69.81
050US39157,11.77,12.31,76.9
050US26153,10.25,6.95,21.25
050US26155,12.84,15.11,102.56
050US27081,9.79,8.35,26.0
050US39117,12.85,12.13,94.5
050US27033,11.06,12.6,45.25
050US27043,10.36,14.82,52.17
050US39143,12.47,12.31,77.2
050US46107,9.46,7.3,17.0
050US48365,12.97,10.12,27.5
050US53013,8.42,7.6,37.0
050US39165,12.48,8.43,94.5
050US39133,20.28,12.16,79.63
050US39013,10.65,10.77,43.0
050US31065,11.35,10.25,29.0
050US31071,11.49,8.8,12.0
050US31089,10.37,8.88,24.5
050US39107,12.58,10.6,67.11
050US39121,8.23,15.07,53.67
050US21227,20.38,6.51,44.63
050US53029,11.59,3.29,24.67
050US53035,13.67,5.48,49.84
050US53041,11.67,7.4,40.6
050US51830,41.84,6.63,30.0
050US55015,12.41,6.73,63.86
050US55021,11.55,8.5,62.25
050US39017,16.52,11.25,87.27
050US35047,15.05,8.47,30.57
050US35057,13.55,8.52,20.0
050US33013,13.29,7.42,52.45
050US39155,11.82,18.54,106.88
050US28133,14.45,17.73,76.43
050US22003,11.27,11.6,40.4
050US22021,12.57,11.57,35.0
050US18059,12.57,10.81,124.0
050US20021,12.15,10.68,39.67
050US27141,12.9,11.4,240.44
050US27147,12.22,8.28,57.62
050US27151,10.36,11.35,37.0
050US35061,13.16,8.79,43.42
050US21213,12.37,11.88,69.0
050US13235,13.65,16.43,41.0
050US13249,15.49,16.15,29.5
050US20147,11.7,10.1,20.33
050US20151,13.98,8.73,34.33
050US20153,8.93,13.9,33.0
050US17019,26.41,6.19,37.98
050US47131,12.13,10.24,39.7
050US13065,10.46,20.45,74.0
050US13161,12.43,16.67,66.33
050US21111,12.4,10.29,67.82
050US19171,12.37,10.93,37.83
050US12099,11.17,18.36,189.51
050US12067,11.92,15.5,22.5
050US22121,12.43,10.18,59.5
050US01053,11.95,13.93,54.33
050US01067,11.78,12.62,43.0
050US21129,11.07,15.87,28.0
050US19077,11.17,9.87,51.67
050US19081,10.99,10.07,37.75
050US19089,10.6,8.9,29.33
050US13011,12.32,11.72,63.0
050US27131,18.38,10.76,106.56
050US27135,12.68,10.14,27.4
050US42079,12.61,9.8,38.6
050US45011,13.8,15.98,64.2
050US47181,11.51,10.85,33.5
050US48009,12.42,8.33,27.33
050US50003,13.21,5.45,23.33
050US19167,18.23,8.81,44.0
050US13207,12.28,14.43,155.67
050US18173,11.77,9.91,90.5
050US17179,11.18,8.25,62.2
050US13057,12.45,8.47,157.57
050US17057,11.53,13.22,52.58
050US13085,11.72,10.35,219.0
050US08115,8.64,16.5,45.0
050US13225,17.42,12.82,69.2
050US05089,8.81,10.47,71.33
050US19173,10.89,8.53,17.33
050US48417,13.41,8.3,24.0
050US48421,12.82,6.9,21.0
050US48431,10.34,6.8,7.0
050US48435,10.32,9.45,10.5
050US42047,10.96,9.57,49.67
050US13253,11.95,15.03,49.33
050US13277,15.58,11.09,43.56
050US48369,14.07,8.05,31.5
050US48381,14.31,5.61,40.12
050US17041,12.65,9.6,49.4
050US05113,11.26,7.65,20.33
050US26125,12.3,12.19,92.44
050US21169,10.75,14.9,36.0
050US48487,12.8,12.62,43.75
050US48493,12.96,8.64,32.44
050US42075,12.39,5.46,33.1
050US24510,13.19,12.56,63.41
050US25019,9.76,6.48,34.83
050US36095,14.62,7.79,36.75
050US19095,11.75,6.82,34.0
050US19099,11.0,8.96,56.0
050US13015,13.0,12.04,153.08
050US47075,11.76,20.5,98.2
050US17051,12.36,10.24,29.71
050US05055,13.06,9.01,51.0
050US08014,11.75,,
050US05065,10.19,11.38,38.0
050US05071,13.95,8.18,33.67
050US19101,14.02,6.03,29.5
050US19105,11.22,7.82,37.4
050US19109,11.58,9.5,32.0
050US12019,12.79,12.28,215.3
050US12049,14.5,16.5,81.25
050US19057,11.65,10.66,58.45
050US20061,19.01,7.21,25.62
050US42123,11.08,10.12,42.31
050US13095,16.18,13.78,48.13
050US27083,14.64,7.16,31.86
050US19161,10.82,10.03,32.75
050US13049,14.19,15.85,55.0
050US42119,17.8,6.83,44.29
050US13177,12.38,9.43,84.0
050US36099,12.04,7.03,30.0
050US33001,10.79,8.49,64.64
050US08099,14.16,18.33,41.17
050US45037,12.32,9.12,49.5
050US29055,11.64,11.57,76.0
050US26001,7.56,9.12,26.67
050US13167,14.48,16.93,32.0
050US27093,11.45,8.47,44.5
050US27099,12.16,9.17,50.82
050US21145,11.25,11.04,51.88
050US26039,10.28,11.44,53.4
050US26045,12.84,11.3,99.95
050US08041,15.28,10.04,95.06
050US19137,11.7,7.58,28.5
050US13043,12.76,12.2,30.0
050US18069,13.6,15.67,106.67
050US18073,13.74,12.24,74.43
050US37087,10.3,6.96,45.85
050US37155,14.75,12.2,56.05
050US38105,13.18,4.41,13.0
050US48139,13.88,11.95,88.77
050US48403,8.6,13.4,28.33
050US48481,13.6,10.07,28.0
050US41001,9.51,6.52,18.67
050US41045,13.86,6.41,23.11
050US42063,20.23,9.85,36.09
050US45053,11.09,14.73,110.67
050US18029,12.55,11.61,97.67
050US18131,11.78,19.15,77.75
050US18139,12.9,14.68,74.0
050US08047,7.63,8.9,120.0
050US08089,13.71,19.23,66.86
050US19047,14.06,9.04,28.6
050US40061,12.04,11.97,26.5
050US29137,11.43,9.6,24.33
050US31169,10.08,9.9,36.5
050US47161,11.12,8.28,28.33
050US17023,11.94,10.93,56.75
050US19043,10.58,9.27,29.83
050US19053,21.3,7.73,16.0
050US20171,12.61,9.8,66.0
050US19133,10.57,8.72,21.0
050US26019,9.75,8.5,44.17
050US26035,10.69,13.13,43.25
050US20071,12.83,20.1,26.0
050US20123,13.37,6.15,24.0
050US42065,11.36,11.22,44.0
050US44003,10.88,11.11,104.46
050US17061,11.77,13.2,42.6
050US18105,29.62,6.26,38.1
050US18117,12.07,15.37,55.17
050US18137,13.14,11.38,60.17
050US05083,11.76,10.18,36.83
050US40081,12.09,12.19,52.14
050US19071,10.28,8.93,26.33
050US19023,10.44,7.48,27.0
050US19029,10.48,9.66,33.2
050US08103,13.09,9.45,43.5
050US08109,9.26,14.55,38.0
050US05031,15.25,6.72,56.23
050US26009,10.37,8.68,46.38
050US27117,11.33,8.72,19.8
050US27121,9.62,7.1,22.75
050US27041,10.67,5.76,34.25
050US19115,12.96,12.8,60.33
050US19125,15.21,8.07,41.5
050US13187,22.59,10.2,138.67
050US17009,11.75,10.3,28.0
050US08119,9.97,10.38,87.33
050US12001,24.35,9.55,67.37
050US09015,14.15,10.7,76.24
050US12027,12.74,17.02,101.4
050US05123,12.11,11.82,49.17
050US26011,10.3,9.87,40.33
050US18043,12.86,11.06,73.06
050US21215,12.18,9.6,122.0
050US21221,10.84,10.53,67.33
050US22059,13.49,16.07,82.0
050US22073,14.42,9.85,36.63
050US22083,13.52,10.65,33.33
050US22087,12.16,25.01,154.47
050US40071,13.0,8.74,45.25
050US09003,13.11,8.67,47.5
050US05141,9.94,10.45,44.5
050US26117,12.19,14.26,89.69
050US26121,12.74,14.74,82.76
050US49055,10.8,4.1,10.0
050US42081,12.73,7.6,41.67
050US19061,14.21,6.29,32.91
050US19067,12.52,11.84,48.2
050US19139,12.78,10.04,61.9
050US19143,10.5,12.95,52.0
050US19153,12.74,7.91,62.34
050US19157,19.06,6.58,31.2
050US26101,11.41,9.12,28.7
050US19005,11.03,7.58,22.2
050US19013,18.76,5.79,25.95
050US19019,11.31,7.37,32.33
050US20139,11.96,10.62,47.2
050US42069,12.64,9.95,41.74
050US40115,14.18,9.87,35.67
050US27045,10.7,8.93,31.67
050US27123,13.84,10.54,65.71
050US13099,12.69,17.48,34.2
050US16053,13.15,6.56,26.6
050US54061,24.45,3.94,17.33
050US42007,11.01,9.31,37.73
050US48353,13.86,12.84,29.6
050US48357,13.89,8.0,25.0
050US48367,12.52,7.6,75.0
050US54069,13.89,7.24,18.0
050US28037,10.91,11.35,37.5
050US28041,12.88,19.95,90.5
050US48221,10.64,6.2,66.8
050US48227,13.45,10.3,33.0
050US38087,7.24,7.5,2.0
050US13089,12.34,12.89,152.24
050US12061,9.78,16.78,201.83
050US13285,14.27,12.99,82.69
050US17085,10.22,7.78,45.8
050US17089,13.76,11.49,147.88
050US45039,12.05,13.66,62.6
050US13115,14.44,10.47,57.8
050US42021,12.76,8.62,29.46
050US18141,15.18,17.21,95.62
050US18149,12.26,16.83,86.57
050US13125,13.63,17.7,38.0
050US13255,12.33,16.02,117.58
050US13259,14.52,13.53,12.67
050US08081,11.23,9.84,38.6
050US27001,8.23,9.22,37.0
050US42037,19.05,7.75,39.73
050US17069,12.25,16.43,15.67
050US17151,7.18,10.45,11.0
050US26077,19.51,9.43,54.1
050US42107,10.68,9.68,49.62
050US17071,10.74,14.1,46.67
050US30037,6.08,6.6,4.0
050US30051,7.54,5.0,7.0
050US27005,11.34,8.35,36.4
050US38023,9.37,4.6,7.0
050US51173,11.0,9.06,44.14
050US01077,15.13,8.41,47.95
050US01083,12.26,6.32,45.93
050US13067,13.26,9.39,139.44
050US13081,13.8,15.8,60.2
050US37097,12.6,8.58,102.56
050US37169,11.22,8.66,59.5
050US51510,8.16,5.03,41.0
050US51013,10.29,4.12,35.36
050US13165,13.9,27.05,72.0
050US26073,31.51,11.48,60.42
050US18005,12.17,8.11,63.33
050US18015,11.81,12.1,53.57
050US16071,13.11,6.8,35.0
050US17167,12.27,8.8,50.6
050US18163,13.54,12.59,64.85
050US18165,11.72,16.3,88.0
050US18169,14.39,16.39,101.5
050US54055,11.96,10.06,39.31
050US13299,12.06,15.13,50.44
050US26093,12.82,11.05,76.52
050US17203,12.8,7.39,41.33
050US08085,10.72,8.3,78.67
050US12021,9.95,20.34,280.67
050US12051,14.66,21.57,111.0
050US17147,10.97,7.78,51.5
050US48097,13.12,7.84,30.89
050US48113,13.89,10.5,61.24
050US13307,10.91,17.5,10.5
050US17141,12.11,10.97,78.36
050US17157,11.17,11.3,44.33
050US47109,11.89,14.54,56.0
050US47113,14.85,12.2,58.67
050US48445,13.03,9.67,25.0
050US48483,10.18,8.65,17.0
050US53039,10.44,5.7,39.33
050US54035,11.1,6.92,32.5
050US48127,13.01,14.83,21.0
050US27133,11.34,7.37,30.0
050US54101,10.42,12.4,30.33
050US55005,10.83,10.46,65.44
050US17165,11.65,12.84,43.44
050US18001,13.31,12.83,87.57
050US01125,20.68,8.86,44.8
050US04017,13.27,12.12,58.26
050US56019,8.84,3.8,18.0
050US55089,13.15,4.18,38.41
050US39001,11.96,15.72,62.0
050US28091,13.0,16.48,72.33
050US51045,10.09,12.6,105.0
050US51580,11.55,9.9,41.5
050US51600,12.25,6.14,55.6
050US17081,11.71,10.7,37.73
050US13035,12.53,11.68,114.25
050US27019,12.88,6.62,63.22
050US27029,10.91,14.47,34.0
050US39169,14.09,9.15,41.64
050US42001,13.27,6.45,42.22
050US28095,12.09,15.57,76.88
050US47133,11.72,9.48,28.0
050US49041,13.51,6.2,33.2
050US26043,11.04,9.34,55.14
050US26057,15.17,16.33,88.11
050US26067,13.12,15.6,105.92
050US36069,13.19,6.37,37.57
050US28105,33.89,7.57,43.0
050US31039,11.58,6.68,14.5
050US13193,13.32,16.47,43.25
050US16001,13.0,6.32,102.98
050US26087,12.52,14.78,84.6
050US26091,13.48,13.93,99.0
050US21127,11.13,13.32,21.4
050US13293,12.19,15.9,72.0
050US17133,11.24,5.93,100.0
050US47043,12.3,9.57,82.29
050US54097,14.78,11.37,50.33
050US45023,12.01,14.23,51.0
050US50007,19.64,3.0,23.42
050US31113,11.4,6.5,3.0
050US42009,11.11,9.32,44.55
050US18079,13.12,15.34,103.0
050US17181,10.38,12.0,37.4
050US17191,10.98,10.9,32.8
050US17195,12.0,11.17,57.44
050US42053,10.94,11.1,27.5
050US48149,10.82,6.36,15.0
050US48155,10.44,12.3,17.0
050US48183,13.64,7.85,39.35
050US50011,11.93,7.43,51.4
050US26005,12.26,10.27,82.86
050US18093,11.45,17.96,112.9
050US05047,13.36,9.47,61.0
050US13055,12.35,19.67,74.67
050US05137,10.81,10.95,45.5
050US08061,10.28,10.6,12.0
050US08075,14.19,12.73,42.5
050US48189,15.94,8.53,25.67
050US40007,12.32,7.63,10.33
050US13321,12.03,15.26,51.8
050US17109,26.42,9.02,32.3
050US17113,21.2,6.09,35.34
050US26025,13.15,14.94,73.75
050US13101,12.04,16.15,16.5
050US17099,12.19,10.89,65.19
050US17103,11.39,10.11,55.78
050US17105,12.41,15.04,73.5
050US51197,10.68,8.68,68.25
050US37179,14.15,8.06,143.76
050US17123,11.18,10.34,39.8
050US13109,10.09,13.07,28.33
050US48397,13.03,7.99,154.29
050US18155,11.87,15.33,46.67
050US37025,12.54,7.63,91.14
050US37035,12.51,8.63,62.93
050US13211,12.91,10.3,56.8
050US40105,11.88,9.95,20.5
050US40111,13.84,15.43,66.67
050US26031,10.46,10.74,46.44
050US54089,8.96,9.12,24.0
050US51115,11.36,5.4,22.0
050US51169,10.35,11.77,33.0
050US17083,13.98,11.76,73.2
050US39071,12.08,17.64,101.78
050US39079,12.09,15.31,77.86
050US48267,11.16,8.2,13.0
050US28117,13.98,14.38,81.0
050US28125,13.59,17.95,41.5
050US29135,12.38,10.25,36.5
050US48271,11.05,8.2,19.0
050US51650,15.5,9.02,74.59
050US37143,8.97,7.8,63.5
050US29221,11.78,13.64,65.2
050US39069,12.07,15.83,97.14
050US29075,11.67,11.95,31.5
050US29079,13.05,8.35,21.25
050US29165,12.53,5.82,52.39
050US17111,13.33,8.7,120.7
050US30107,11.91,6.2,12.0
050US46047,9.57,7.6,22.5
050US37191,13.86,10.81,55.19
050US38001,10.72,4.2,9.0
050US29225,12.58,8.72,113.75
050US36085,12.52,6.87,38.88
050US28059,12.77,11.41,74.69
050US29093,11.2,9.57,24.75
050US56037,13.31,4.69,21.17
050US54079,11.08,5.12,42.89
050US39089,13.38,12.15,91.71
050US45085,14.46,15.29,75.86
050US46007,14.66,13.75,1.88
050US18089,13.24,20.32,116.48
050US18107,13.42,12.69,81.67
050US18161,12.65,13.05,62.0
050US19021,15.57,7.45,26.0
050US36117,11.99,7.14,48.81
050US48177,13.08,9.0,14.83
050US48191,13.63,23.45,27.0
050US48219,16.22,8.84,27.29
050US12005,11.82,11.52,123.14
050US48257,12.91,14.03,123.08
050US31021,10.37,9.62,25.5
050US36011,12.46,7.68,35.76
050US31141,12.62,6.89,40.71
050US31145,13.29,7.8,35.67
050US31149,12.52,5.1,7.0
050US48247,15.94,14.4,31.0
050US48021,13.07,11.21,101.25
050US29111,16.14,11.8,26.5
050US53001,15.1,7.62,19.8
050US53063,13.53,5.55,39.63
050US40153,12.87,7.72,32.2
050US17139,11.81,9.3,49.75
050US55091,10.63,14.05,63.0
050US37033,11.17,10.28,39.67
050US37185,13.28,12.67,48.75
050US37187,14.58,12.07,56.67
050US33005,15.63,8.18,52.12
050US35001,13.12,6.29,50.23
050US28107,13.19,15.22,75.17
050US36027,14.93,9.0,55.03
050US17193,10.51,11.78,38.0
050US18047,12.61,14.42,76.0
050US02185,11.22,4.3,13.67
050US05111,12.48,12.14,46.29
050US38015,12.97,2.64,16.56
050US29025,11.88,16.75,96.0
050US29091,12.44,8.79,35.0
050US20191,12.08,8.93,46.17
050US21039,11.69,9.6,18.67
050US48197,11.03,14.2,49.0
050US31067,10.81,9.86,37.57
050US31077,10.87,11.7,19.0
050US46065,10.63,3.18,19.0
050US54051,10.62,8.88,40.11
050US31097,12.49,11.6,27.0
050US20145,11.92,8.1,28.5
050US26123,11.83,14.66,86.0
050US31127,17.08,10.95,43.5
050US37109,11.34,9.58,73.58
050US37197,11.98,8.11,43.57
050US31083,10.67,8.9,33.0
050US31093,10.29,10.25,29.0
050US55071,11.29,8.52,52.65
050US42113,11.43,6.4,20.0
050US48209,20.99,7.63,79.71
050US48233,13.18,7.61,28.14
050US48307,10.6,7.93,18.33
050US31173,15.57,12.15,18.5
050US31175,10.61,6.3,15.5
050US35006,13.21,8.08,15.4
050US35009,16.25,7.08,37.22
050US31131,11.64,7.68,29.6
050US31139,11.61,9.3,34.0
050US48123,10.12,7.86,19.4
050US48125,10.29,10.6,17.0
050US51680,28.11,7.24,30.85
050US51683,13.12,16.38,388.0
050US13005,12.02,11.25,41.5
050US13045,17.4,15.28,168.88
050US21163,12.77,11.12,72.8
050US21191,12.1,12.2,61.67
050US39051,12.84,13.78,102.33
050US30065,10.61,5.65,12.0
050US35013,18.89,8.55,46.53
050US55083,10.16,9.24,58.45
050US48077,11.04,10.47,34.33
050US48081,9.19,12.6,18.0
050US40099,11.45,9.67,45.67
050US13087,13.28,16.73,65.71
050US27155,11.69,10.15,20.0
050US27159,11.25,11.8,56.67
050US27169,23.79,9.47,59.5
050US36049,12.09,8.37,30.0
050US39059,12.02,15.94,78.4
050US05027,20.98,10.64,50.6
050US48087,12.42,7.95,11.0
050US48235,14.04,9.6,11.0
050US48243,8.91,5.4,6.0
050US48249,14.01,12.23,45.57
050US29181,10.54,10.9,28.0
050US31013,11.13,7.43,40.0
050US48281,11.94,6.42,35.75
050US48291,13.49,11.82,39.5
050US41009,11.62,6.07,53.3
050US28065,12.34,17.2,124.5
050US28069,17.01,14.95,74.0
050US29107,12.02,8.5,69.5
050US13061,10.03,18.75,19.5
050US28039,14.1,15.07,100.67
050US37081,14.83,8.28,56.15
050US37119,12.97,8.48,90.97
050US37171,12.22,9.98,65.67
050US28005,9.46,12.43,35.0
050US28113,13.93,13.23,66.43
050US17025,11.52,14.22,51.75
050US55049,10.83,8.8,47.83
050US48253,11.56,10.07,27.0
050US51550,13.19,7.07,78.76
050US46129,9.89,7.5,18.0
050US51065,10.86,6.53,100.0
050US51520,11.06,9.45,48.75
050US28063,12.21,20.45,69.0
050US28127,12.6,13.92,66.2
050US17049,12.24,8.2,45.25
050US01007,13.34,13.13,75.67
050US30097,9.64,4.3,14.0
050US01019,11.55,8.78,41.0
050US28015,12.03,14.7,65.5
050US55031,12.29,9.7,46.29
050US01085,12.18,17.42,41.75
050US55101,12.63,9.27,78.28
050US28135,13.93,19.55,57.0
050US28145,12.11,13.2,59.67
050US55129,8.96,7.96,37.4
050US46051,11.33,7.43,14.33
050US41057,9.49,4.05,21.62
050US46045,11.17,5.65,9.5
050US20081,14.68,6.1,24.0
050US20093,14.65,8.1,34.0
050US46043,10.2,6.2,12.0
050US29053,12.34,7.54,27.6
050US30103,12.36,6.3,4.0
050US35028,10.22,3.15,27.0
050US28019,12.19,12.3,44.67
050US37181,13.13,14.67,57.4
050US28073,13.08,9.45,94.83
050US46057,12.42,5.65,17.0
050US55135,11.09,11.47,72.17
050US28025,13.19,14.34,70.0
050US48085,12.87,6.02,92.24
050US48095,18.92,12.35,13.5
050US48111,12.08,6.95,20.0
050US48115,15.64,10.5,35.67
050US36021,10.9,5.92,24.2
050US30109,7.06,7.6,4.0
050US29131,11.99,13.48,64.6
050US28155,12.43,13.97,45.67
050US29039,10.94,11.0,55.0
050US48047,21.43,15.55,34.5
050US48105,11.04,13.8,49.0
050US28031,14.09,16.1,72.0
050US28035,18.65,9.17,46.65
050US05125,11.56,8.19,51.48
050US21143,10.15,7.45,31.0
050US39081,13.12,15.33,59.0
050US37005,10.66,10.4,46.33
050US34039,12.61,13.78,102.68
050US29051,12.58,9.15,49.2
050US21219,11.72,11.55,30.25
050US22049,10.7,9.68,26.6
050US06049,8.31,12.95,28.5
050US06087,18.39,6.77,50.87
050US17033,11.34,11.52,51.17
050US40119,29.95,6.81,34.0
050US29147,31.33,11.2,42.8
050US29151,13.0,7.95,30.0
050US46091,10.62,6.95,13.0
050US35027,9.81,4.88,30.6
050US35053,16.46,7.61,11.43
050US39031,11.51,17.44,71.7
050US39033,11.68,16.53,92.46
050US21073,12.35,9.33,64.1
050US28099,13.1,10.93,46.0
050US28147,13.89,16.93,70.0
050US51750,46.44,4.7,37.0
050US40123,15.26,6.84,25.9
050US27059,11.73,15.53,199.83
050US37041,10.15,10.3,84.5
050US39037,12.14,13.85,89.33
050US26105,11.14,9.96,44.89
050US48439,13.82,9.46,70.85
050US16055,11.96,5.98,84.19
050US39057,15.88,9.06,69.64
050US39065,19.98,16.56,101.29
050US29185,9.72,13.97,32.67
050US21047,19.44,11.03,55.93
050US21081,13.14,11.82,102.5
050US46103,12.19,5.09,35.15
050US37061,12.26,10.56,54.38
050US01045,12.86,7.26,29.21
050US31159,17.1,6.7,32.0
050US31165,9.24,9.4,4.0
050US31111,11.67,7.71,44.62
050US31115,9.4,13.2,4.0
050US56011,9.91,3.45,11.5
050US56017,6.88,4.22,7.75
050US56023,10.77,4.2,23.5
050US56027,13.68,6.2,13.0
050US12063,11.79,14.65,52.36
050US27055,10.72,8.18,39.0
050US01105,21.01,16.0,29.75
050US02122,11.92,5.2,30.08
050US25023,12.87,10.67,108.03
050US46061,12.66,7.5,19.0
050US47095,12.48,14.9,40.5
050US47099,11.97,10.21,51.89
050US56007,11.84,4.56,19.4
050US55093,19.86,10.66,77.5
050US55097,20.14,6.78,42.77
050US38039,9.75,5.3,4.0
050US46115,12.72,6.0,9.67
050US18049,11.8,15.6,75.83
050US18057,12.3,7.25,160.5
050US18077,14.69,13.06,83.29
050US18127,13.55,9.84,108.88
050US38029,8.77,4.0,5.0
050US38057,10.58,4.02,9.2
050US12101,10.76,18.42,246.62
050US47179,15.62,6.47,52.21
050US20163,11.02,8.45,23.0
050US39023,12.97,14.78,74.14
050US39139,12.23,16.24,90.47
050US30017,11.78,5.08,11.67
050US40129,11.41,9.2,17.0
050US40149,11.89,14.62,39.0
050US27085,11.88,9.14,72.14
050US31179,26.73,8.25,36.0
050US31183,7.06,16.4,9.0
050US32017,15.66,12.75,24.5
050US32021,10.05,9.05,15.75
050US32027,7.58,13.5,45.0
050US37003,11.44,9.07,49.29
050US35005,14.8,7.88,41.08
050US30021,11.94,3.5,12.33
050US49031,9.35,5.6,10.0
050US18019,12.01,11.81,91.19
050US38043,12.89,5.6,4.5
050US29083,10.53,10.33,52.5
050US39041,12.47,6.34,63.34
050US46037,10.81,6.22,9.25
050US47061,11.71,18.3,83.5
050US47069,12.9,16.12,75.33
050US47071,11.1,10.97,54.67
050US29097,13.62,7.96,56.09
050US32029,6.95,16.7,74.5
050US39027,13.56,14.17,90.0
050US21091,12.78,9.73,29.33
050US12081,10.17,19.28,201.77
050US41037,8.84,6.95,19.5
050US48121,13.77,6.71,113.09
050US48133,14.13,11.06,27.2
050US48269,7.46,0.0,0.0
050US48327,5.84,8.8,7.5
050US28101,15.09,12.92,51.8
050US29117,11.05,7.62,21.2
050US29121,11.24,9.02,23.4
050US46027,35.37,4.17,15.0
050US17055,11.24,13.39,49.67
050US16081,11.09,7.7,133.0
050US05079,11.46,16.3,23.2
050US20201,10.61,10.45,28.5
050US20205,10.96,14.55,40.0
050US48447,14.42,19.3,23.0
050US29139,10.23,10.57,32.25
050US47103,11.21,8.45,34.38
050US31121,11.25,10.3,32.0
050US31125,11.0,9.2,34.0
050US46135,12.46,3.85,22.0
050US05127,11.55,12.07,32.33
050US13199,12.16,17.18,74.5
050US21211,12.44,7.62,86.6
050US40091,10.68,10.3,33.86
050US19037,11.98,9.9,38.25
050US55141,10.99,9.44,62.82
050US30079,6.33,5.0,4.0
050US38019,10.02,5.17,7.67
050US38021,13.5,4.03,5.67
050US47027,10.47,14.5,42.5
050US47047,10.76,11.29,80.57
050US55027,11.31,9.14,55.0
050US21015,12.52,7.05,85.0
050US21087,10.42,14.5,44.25
050US20167,8.14,7.75,25.5
050US27035,10.69,9.9,73.92
050US18033,12.49,12.79,103.5
050US18039,13.52,17.72,170.25
050US36015,12.14,8.9,41.87
050US48305,11.98,9.17,14.33
050US13091,12.04,16.58,43.83
050US46033,8.35,4.55,22.0
050US36109,29.68,3.83,17.3
050US40085,12.77,9.27,27.33
050US37071,12.32,10.02,65.11
050US21019,11.18,9.32,53.42
050US12011,11.89,20.51,277.82
050US13119,13.9,13.7,80.75
050US19149,12.62,7.52,35.5
050US47023,17.84,10.37,58.0
050US08007,9.47,9.12,66.25
050US38083,8.61,7.3,6.0
050US20127,9.67,8.4,27.5
050US20129,12.83,5.4,19.0
050US20133,12.65,11.2,41.4
050US17013,10.68,16.5,36.5
050US12015,7.88,22.14,347.78
050US27017,11.51,8.74,59.71
050US31163,9.73,9.7,25.0
050US29141,10.78,9.72,48.8
050US29145,12.96,9.25,65.6
050US46031,13.6,16.03,3.0
050US36039,11.98,6.77,42.27
050US47083,11.68,12.0,27.67
050US55133,12.15,4.83,45.68
050US21009,12.46,11.73,52.4
050US29205,11.3,8.83,16.67
050US29211,10.51,6.97,11.0
050US48331,13.32,10.67,33.0
050US48363,12.47,8.26,23.56
050US36041,11.67,6.6,11.5
050US36093,13.08,8.67,38.55
050US28077,12.88,15.07,70.67
050US22089,13.35,7.62,41.23
050US22093,12.88,12.24,34.86
050US20187,11.78,14.3,26.0
050US23009,9.8,8.65,35.5
050US27049,11.31,8.5,56.9
050US13129,13.0,15.04,109.0
050US29007,12.49,9.8,40.71
050US42015,11.08,8.03,35.29
050US46029,12.26,4.55,26.33
050US28097,10.44,15.07,64.33
050US38009,12.43,2.6,5.67
050US38011,11.83,3.8,5.5
050US29215,10.93,8.18,34.5
050US29219,11.35,9.25,138.25
050US18045,12.1,14.5,66.6
050US27065,11.19,15.0,85.25
050US21035,22.83,6.92,29.88
050US21053,11.66,15.3,46.5
050US28111,12.64,18.9,105.0
050US29045,10.59,10.13,21.33
050US29073,11.0,11.5,39.6
050US54077,10.42,7.01,26.5
050US35041,22.19,7.08,26.75
050US44005,12.72,6.66,47.23
050US37073,11.13,9.9,41.0
050US38013,7.82,3.5,2.5
050US19051,12.71,7.4,24.5
050US05035,13.85,16.23,52.88
050US51760,15.56,9.91,46.71
050US53023,8.95,6.15,8.0
050US20003,12.05,9.0,38.0
050US20047,8.96,11.9,21.0
050US20119,14.55,5.6,11.0
050US20157,9.37,10.4,18.67
050US50015,12.82,5.19,24.71
050US40059,9.57,15.25,21.5
050US31063,15.91,9.6,22.0
050US41029,11.3,7.3,69.56
050US16011,14.37,6.68,42.5
050US38069,9.98,2.8,5.0
050US39005,15.36,11.41,75.18
050US17095,13.91,11.81,56.62
050US21157,10.36,9.0,58.5
050US40139,15.99,7.08,24.6
050US48137,11.92,8.5,6.0
050US48217,12.49,9.91,20.25
050US48299,7.68,6.0,28.67
050US18011,11.94,9.36,89.22
050US20121,11.57,9.24,65.62
050US31143,11.42,9.15,25.0
050US32005,9.69,8.79,95.9
050US31087,9.53,16.5,39.0
050US31117,6.17,10.0,1.0
050US42109,15.83,9.14,54.71
050US23005,12.36,5.25,42.23
050US17035,10.73,12.4,48.67
050US17039,11.2,10.02,54.4
050US20041,11.12,7.67,33.83
050US20137,11.06,6.5,43.0
050US42025,10.44,10.21,118.8
050US20179,7.02,5.1,6.5
050US26151,11.62,12.72,56.77
050US17079,10.96,11.9,44.0
050US51021,9.93,8.15,20.0
050US40109,13.1,9.43,36.37
050US40083,14.83,9.61,49.75
050US40137,11.77,9.91,57.9
050US29123,11.19,10.87,47.0
050US29187,12.22,9.66,86.44
050US41041,8.77,4.6,24.8
050US17155,10.63,10.4,48.0
050US18023,12.57,14.78,93.38
050US18063,12.64,8.45,149.23
050US18145,11.84,15.97,127.89
050US26161,22.28,9.69,52.34
050US38041,7.69,9.3,9.5
050US40063,13.37,14.36,28.0
050US35023,10.57,11.85,21.5
050US37157,11.46,10.02,56.75
050US37195,12.84,11.7,53.72
050US31181,11.12,9.35,18.0
050US37151,12.23,8.69,59.75
050US17101,11.54,14.94,51.6
050US12003,13.22,12.8,92.5
050US53003,10.71,5.38,25.67
050US19011,11.8,6.3,31.86
050US31007,7.61,6.9,2.0
050US40025,8.18,11.65,10.5
050US40147,11.79,11.54,53.62
050US41053,16.88,4.58,40.25
050US51840,14.84,11.38,88.2
050US13175,12.71,16.25,54.92
050US08123,13.61,16.01,183.97
050US27009,11.87,10.27,88.83
050US27057,9.4,9.03,32.0
050US26069,9.2,10.65,38.42
050US18135,11.91,16.41,78.25
050US31027,11.52,6.2,26.0
050US31043,14.73,8.47,49.5
050US55045,10.99,7.94,49.75
050US46025,10.35,7.45,12.0
050US17117,11.76,13.41,71.46
050US56009,11.43,3.88,15.0
050US42077,13.22,9.45,69.25
050US49053,13.59,11.21,185.78
050US18153,11.99,16.46,90.2
050US19123,12.74,8.19,32.57
050US21117,11.97,9.8,62.02
050US29186,11.86,8.3,47.25
050US31099,11.49,9.55,40.5
050US21105,11.6,10.5,58.0
050US13247,14.17,17.23,178.33
050US17077,24.65,9.01,30.27
050US18183,11.61,10.44,76.71
050US27007,17.45,10.3,40.67
050US19015,12.29,7.37,42.43
050US31045,24.63,7.5,26.0
050US29229,11.74,9.07,43.0
050US30041,14.36,3.94,9.71
050US31005,11.0,12.6,2.0
050US12043,10.93,13.97,32.67
050US39015,11.72,15.62,109.0
050US35025,14.65,10.3,42.23
050US38031,10.82,2.95,6.0
050US13147,10.77,13.62,77.2
050US05097,10.43,9.33,18.33
050US06105,8.99,12.75,42.25
050US08107,11.86,6.91,38.38
050US12103,9.87,16.37,142.24
050US13017,12.53,18.18,67.4
050US51183,12.48,11.6,30.75
050US13071,13.29,14.17,52.33
050US41063,5.95,5.87,14.67
050US39029,11.46,15.42,94.21
050US48027,15.89,7.37,45.06
050US19065,13.29,9.03,33.86
050US19093,10.84,12.73,32.67
050US13033,12.99,17.06,49.14
050US48375,13.39,9.44,30.03
050US48461,11.72,13.75,14.5
050US48495,15.97,13.23,26.33
050US19119,11.56,5.6,26.33
050US17087,11.69,11.97,38.0
050US51590,12.25,14.51,59.93
050US27079,11.89,10.48,71.67
050US42087,11.36,11.1,52.83
050US20007,9.57,8.2,22.0
050US20117,10.0,8.32,19.75
050US19121,11.38,10.4,85.0
050US19151,10.28,9.17,30.33
050US19179,13.1,9.07,36.55
050US27039,12.5,9.88,57.8
050US27063,11.37,8.92,29.5
050US48415,13.62,9.88,36.5
050US27111,10.87,7.01,33.31
050US27165,12.87,12.67,59.33
050US19107,11.24,10.28,31.0
050US20207,9.12,10.9,16.5
050US21061,13.03,14.23,66.0
050US38079,13.88,7.55,10.75
050US48193,11.11,7.77,16.67
050US48433,8.88,15.9,16.0
050US48505,15.17,12.43,27.67
050US13297,12.99,13.03,208.0
050US15005,2.67,0.0,0.0
050US19033,11.7,6.32,46.8
050US17201,12.57,13.4,83.43
050US19059,10.21,8.9,45.4
050US19183,11.85,6.44,33.8
050US20075,13.91,9.8,23.0
050US01011,14.28,17.42,25.5
050US39113,13.19,14.99,91.73
050US18167,18.73,15.58,74.27
050US37067,13.77,8.33,54.37
050US19063,15.13,7.68,29.0
050US27115,10.88,13.53,53.12
050US13231,13.42,13.57,88.0
050US26021,12.28,10.56,50.49
050US39141,12.0,13.11,64.71
050US51820,10.52,7.2,38.6
050US48059,10.77,8.95,43.5
050US55033,22.56,10.28,59.38
050US28045,11.66,10.7,110.17
050US27143,11.61,10.32,46.0
050US20039,8.99,6.3,10.0
050US27105,12.7,9.22,35.5
050US19177,11.1,8.9,30.5
050US20011,13.5,9.72,31.2
050US55087,12.91,6.86,52.43
050US39063,13.21,12.37,105.54
050US39149,12.9,10.48,78.1
050US28079,14.63,15.1,55.8
050US29155,13.39,13.58,41.0
050US54053,10.47,9.97,68.5
050US27149,23.22,7.5,26.33
050US36023,21.17,6.95,33.17
050US01003,11.29,10.39,123.17
050US01109,25.97,9.28,27.75
050US04015,9.62,14.95,214.1
050US05091,12.3,8.12,34.78
050US55017,11.06,9.43,79.18
050US55019,12.62,10.03,42.38
050US38047,10.48,4.9,8.0
050US38049,10.34,4.03,5.33
050US47171,11.12,11.18,55.75
050US26059,13.87,12.61,64.25
050US28139,14.41,17.75,92.75
050US26029,10.88,8.91,27.8
050US26111,12.65,7.11,48.22
050US35059,9.13,11.0,40.0
050US39085,11.72,10.91,74.91
050US35031,15.14,11.32,11.84
050US41071,14.37,5.69,55.07
050US27025,12.14,12.33,172.57
050US12085,9.56,17.7,182.42
050US40029,12.21,10.45,20.5
050US28009,13.68,21.2,92.0
050US33011,12.77,7.53,60.58
050US36001,18.22,7.52,39.63
050US23029,10.85,14.93,39.46
050US50023,12.72,4.72,20.53
050US01127,11.93,11.64,41.17
050US02164,16.29,8.5,7.0
050US29059,10.95,10.93,64.33
050US29063,11.37,8.55,39.0
050US36007,17.69,8.43,35.55
050US28131,17.02,13.45,126.0
050US29049,11.71,10.05,84.25
050US48099,17.09,6.99,40.0
050US22027,11.4,12.96,31.2
050US24037,13.66,5.35,74.2
050US26047,11.73,8.9,52.56
050US29217,13.81,8.83,30.17
050US04019,15.73,10.25,89.45
050US56043,12.15,3.67,15.0
050US20005,18.84,11.97,60.5
050US46013,14.47,3.96,17.11
050US46017,18.85,23.5,8.5
050US31049,8.87,14.8,37.0
050US55109,12.07,10.82,157.5
050US55137,9.48,11.49,55.29
050US56025,12.2,4.55,29.35
050US40049,12.3,11.56,33.78
050US51800,11.93,10.03,107.62
050US17045,10.9,17.26,91.2
050US50001,17.12,4.59,18.1
050US47007,10.9,16.3,68.67
050US26113,11.56,12.1,50.25
050US26129,10.2,11.81,41.25
050US36037,12.19,7.35,40.6
050US50013,10.94,6.15,40.5
050US38073,11.02,4.0,8.0
050US46069,8.94,2.4,2.0
050US56021,13.04,3.48,28.56
050US31185,13.27,7.35,34.5
050US33019,10.6,11.66,63.3
050US19193,14.21,7.54,39.07
050US55115,10.9,9.59,48.91
050US51035,10.29,8.12,37.33
050US01031,12.4,6.82,23.29
050US01123,12.25,9.72,49.78
050US35049,10.86,4.99,28.12
050US47011,13.95,10.26,73.47
050US31107,10.84,6.28,11.25
050US21233,12.0,13.22,47.5
050US53069,11.15,6.0,30.0
050US55095,10.79,15.33,110.6
050US55125,8.01,6.08,60.4
050US41013,9.37,9.45,97.25
050US36005,14.68,10.72,14.5
050US36055,14.04,7.99,42.01
050US48319,13.24,3.95,7.5
050US48359,17.99,9.0,12.0
050US48425,12.76,7.2,21.0
050US51670,12.09,9.56,53.0
050US54029,10.29,9.44,44.22
050US28119,13.12,19.97,60.67
050US55053,11.34,13.24,48.2
050US19039,10.91,10.47,33.0
050US12091,12.74,12.51,134.27
050US36035,11.56,10.25,40.8
050US39109,11.57,10.41,87.1
050US31085,6.89,14.9,8.0
050US31147,10.15,7.38,22.5
050US51530,19.97,8.0,80.0
050US28057,15.29,14.26,66.2
050US29037,12.29,8.12,81.47
050US47051,15.16,9.54,53.62
050US16017,9.83,5.21,40.89
050US20099,12.08,11.44,33.38
050US31017,7.36,9.0,28.0
050US40015,12.76,11.71,36.0
050US19091,10.52,10.3,32.75
050US29209,9.85,8.84,94.6
050US28081,12.78,11.45,106.64
050US55047,10.81,10.38,46.0
050US55055,13.84,7.45,43.6
050US05087,12.55,10.4,41.0
050US08087,13.11,14.05,59.75
050US39093,12.93,14.6,95.72
050US46053,10.07,6.9,11.5
050US46102,18.05,,
050US48393,14.35,8.6,8.0
050US36089,17.44,8.57,35.61
050US38025,12.01,7.2,4.0
050US35035,14.6,6.32,26.15
050US06029,15.23,21.32,230.01
050US06071,15.42,21.87,336.62
050US08063,9.97,15.67,31.33
050US54009,13.51,11.4,54.71
050US31135,8.74,10.0,27.0
050US17001,11.47,9.87,48.72
050US51071,10.88,7.15,41.25
050US32019,10.51,13.29,257.86
050US48013,13.66,11.34,33.12
050US48023,11.47,11.3,18.0
050US48033,9.77,17.9,3.0
050US48071,13.76,8.92,50.0
050US55041,12.0,8.75,34.5
050US39045,12.99,10.23,88.96
050US05033,12.47,8.31,69.88
050US29163,12.76,10.92,37.6
050US36083,13.98,8.61,39.8
050US54105,10.21,9.7,47.0
050US48019,9.6,7.68,38.25
050US51770,10.91,8.19,50.22
050US51775,17.4,3.84,35.6
050US13275,12.08,12.15,48.36
050US31079,12.86,9.69,51.07
050US08045,12.11,3.87,75.71
050US02198,11.03,,
050US13227,10.59,12.15,105.17
050US48181,12.63,8.89,46.08
050US48195,15.63,6.85,18.0
050US48211,13.1,7.75,11.5
050US48295,12.05,8.05,8.5
050US51620,9.9,13.8,69.5
050US55103,11.65,11.6,43.6
050US55065,11.97,8.8,31.8
050US13281,16.6,9.17,63.33
050US47137,10.06,10.8,49.0
050US46083,11.42,7.8,67.75
050US31129,10.48,9.9,24.0
050US31157,12.38,9.54,37.91
050US48297,11.01,9.4,20.75
050US46081,15.95,4.12,28.0
050US31001,15.51,9.4,36.78
050US55078,16.2,15.4,50.0
050US51710,20.72,8.74,38.19
050US51735,12.78,2.78,21.75
050US29169,26.06,4.51,35.43
050US20103,12.51,7.74,55.93
050US51660,35.61,3.42,25.33
050US38063,9.42,3.43,4.33
050US38081,11.0,8.9,7.67
050US31019,19.05,6.78,28.7
050US31011,11.24,7.45,18.0
050US31015,8.57,10.1,15.0
050US29175,12.99,11.43,48.0
050US30025,10.71,4.3,10.0
050US48101,7.95,9.8,13.0
050US48259,12.8,4.65,46.5
050US48463,15.29,8.72,33.2
050US19145,11.63,10.32,36.0
050US31101,9.29,10.57,37.0
050US55013,9.02,9.35,44.67
050US36003,19.21,8.87,34.92
050US29065,10.7,10.35,31.75
050US55009,13.34,7.44,55.58
050US47017,13.1,13.92,72.17
050US51640,7.52,8.9,73.0
050US55061,11.31,8.64,61.6
050US20197,11.54,8.0,30.5
050US51700,15.77,9.28,71.83
050US55063,19.71,7.28,44.84
050US50021,13.13,7.35,28.6
050US46019,11.85,6.45,37.0
050US48325,14.14,10.03,47.33
050US48329,13.56,6.93,38.93
050US48335,17.15,11.83,17.67
050US51077,10.08,9.07,43.33
050US08025,20.52,22.3,64.0
050US55131,11.52,5.46,59.4
050US34017,11.3,10.57,44.08
050US17037,23.12,8.58,61.38
050US29153,9.48,7.45,18.0
050US30011,7.59,5.0,1.0
050US31069,6.67,10.2,18.0
050US12017,8.46,14.13,172.22
050US20161,35.54,3.37,15.92
050US21059,12.26,7.84,45.74
050US39173,21.33,11.7,83.92
050US17093,12.99,12.35,350.25
050US17127,10.12,11.65,47.75
050US39087,11.41,12.75,58.67
050US35043,12.23,6.55,66.31
050US37045,13.56,11.32,85.94
050US55035,20.11,6.93,47.29
050US55099,9.74,7.23,24.17
050US31057,10.03,10.3,13.0
050US31075,12.67,11.0,4.0
050US31105,10.23,13.6,54.0
050US28061,12.79,16.48,61.75
050US17119,12.11,10.46,71.1
050US21121,13.47,15.39,44.86
050US21177,13.36,12.76,47.89
050US54103,11.44,10.06,35.6
050US55107,10.91,12.6,39.4
050US48443,5.57,10.6,6.0
050US48491,12.37,6.6,76.83
050US51009,12.63,7.18,34.33
050US51047,12.21,11.78,234.2
050US39145,12.95,15.93,64.15
050US40003,9.83,10.1,16.67
050US46119,11.87,4.8,6.0
050US19031,10.98,6.54,31.0
050US20019,9.86,11.1,29.0
050US20079,14.0,5.65,43.0
050US20107,10.99,11.35,64.0
050US46101,10.77,6.1,19.5
050US55117,12.09,8.2,56.76
050US55139,15.61,8.06,50.05
050US05081,10.95,10.65,32.25
050US12083,10.15,17.11,197.22
050US13127,11.98,9.87,91.42
050US29115,11.7,9.88,27.6
050US51119,9.77,3.28,14.6
050US51139,10.52,9.16,64.0
050US51730,12.5,14.91,59.67
050US37129,16.23,6.73,78.09
050US37167,12.35,9.91,64.82
050US38077,17.42,3.33,10.0
050US45079,19.75,9.25,64.35
050US06017,11.41,13.48,156.25
050US12125,10.74,16.4,41.67
050US19085,11.36,9.86,40.6
050US47015,10.88,10.37,50.33
050US48159,12.36,8.47,22.67
050US32007,13.58,12.45,52.33
050US17163,12.76,13.73,79.91
050US30111,11.96,2.89,22.33
050US31025,11.46,8.53,58.67
050US22019,12.99,9.29,44.76
050US47141,18.56,7.08,40.69
050US47175,10.26,12.15,31.5
050US48039,12.7,10.14,76.64
050US48223,12.1,8.86,30.38
050US48321,12.79,10.49,48.57
050US48387,12.18,13.62,25.8
050US46137,17.31,5.68,1.6
050US47059,12.24,10.88,48.87
050US01099,12.96,15.13,46.43
050US42129,11.29,8.14,42.79
050US48003,14.45,9.85,30.0
050US48265,11.78,6.53,36.0
050US48293,12.78,10.99,24.62
050US48437,12.0,8.4,18.33
050US06067,12.92,15.95,162.49
050US17143,12.99,8.67,47.15
050US01079,11.23,11.57,44.56
050US19069,10.49,10.27,45.67
050US16067,13.97,8.32,44.2
050US42057,11.37,9.53,47.67
050US27037,12.25,7.63,73.72
050US05139,11.75,10.16,44.0
050US27051,9.62,11.4,42.0
050US48075,15.64,9.7,24.5
050US45031,12.94,13.12,58.69
050US17169,10.36,9.2,22.67
050US17171,11.43,9.8,32.0
050US54091,10.04,9.25,40.5
050US13173,12.62,17.85,98.5
050US48237,14.14,7.58,12.75
050US20035,14.35,9.21,34.64
050US13131,11.32,13.38,48.33
050US20155,12.64,7.88,39.35
050US12117,12.61,14.74,164.33
050US13013,12.34,14.33,278.43
050US45049,12.11,17.02,53.6
050US48063,12.84,11.15,62.5
050US16077,12.63,7.1,32.0
050US49015,12.97,6.65,19.25
050US02105,7.32,,
050US22039,14.74,12.46,46.88
050US51097,10.56,8.8,37.0
050US06007,18.16,10.38,77.14
050US13241,10.2,7.97,70.33
050US01025,13.07,16.69,56.29
050US08067,12.7,3.58,38.9
050US13263,11.29,16.9,31.0
050US21037,14.05,8.6,43.54
050US16047,12.84,5.65,41.5
050US48255,14.14,10.8,19.5
050US47111,12.22,14.15,114.0
050US48153,13.03,10.45,32.5
050US48169,14.47,10.2,27.0
050US17199,11.01,9.37,48.43
050US46021,9.69,6.6,5.0
050US28093,13.45,17.56,141.2
050US29089,16.37,9.87,33.33
050US36101,11.9,8.25,29.13
050US37063,13.42,8.68,53.92
050US35029,13.65,13.45,43.67
050US29003,11.83,9.75,53.75
050US29015,8.81,8.55,27.5
050US51690,11.02,15.56,61.2
050US19129,11.66,6.54,28.2
050US21023,11.59,10.07,32.0
050US37135,21.46,2.96,18.41
050US38091,10.0,5.1,9.0
050US08095,12.62,8.55,22.0
050US48207,13.69,14.1,33.0
050US54075,9.33,6.43,25.33
050US25015,26.3,6.56,45.16
050US21115,11.29,12.03,37.0
050US39161,12.46,17.22,92.22
050US29043,12.02,8.26,88.0
050US13097,14.2,15.94,276.0
050US13155,14.72,16.2,58.5
050US38075,9.06,3.6,8.0
050US38093,14.38,3.29,11.57
050US39003,14.03,19.52,81.62
050US39021,12.79,13.44,117.86
050US01081,22.49,5.86,51.57
050US26127,12.5,11.98,86.17
050US26145,13.83,13.33,71.62
050US49039,20.53,7.34,38.0
050US50005,12.84,7.13,23.4
050US51167,10.85,14.3,63.67
050US51595,10.91,11.55,36.0
050US51678,55.12,5.4,40.0
050US41069,9.61,10.1,10.0
050US42085,13.97,12.42,49.12
050US22061,29.02,10.11,38.7
050US28027,15.52,14.67,60.86
050US51061,12.17,8.08,118.0
050US55029,8.74,5.13,31.3
050US21095,11.25,15.47,32.67
050US47079,10.44,12.27,48.33
050US42125,12.15,8.12,34.76
050US06015,10.96,11.5,49.33
050US16003,8.73,8.9,29.5
050US21107,11.38,12.53,59.33
050US16049,10.6,5.44,15.8
050US36063,12.36,8.57,41.42
050US51117,10.86,8.09,38.62
050US13153,13.39,10.56,110.84
050US23001,12.37,11.6,59.71
050US21185,13.54,5.92,56.27
050US27047,10.45,10.42,49.2
050US28003,12.8,12.2,65.86
050US28123,12.64,14.7,56.17
050US42039,13.27,10.46,48.25
050US18025,11.37,18.7,65.67
050US21161,12.75,10.4,40.6
050US27003,12.19,11.14,95.46
050US31155,11.4,6.94,37.4
050US45075,14.77,16.4,66.05
050US48201,13.84,11.0,76.27
050US39011,12.44,10.36,74.4
050US20115,13.55,8.03,26.25
050US20165,10.03,15.25,27.5
050US26107,22.87,9.24,38.42
050US40051,12.62,11.35,52.64
050US40077,14.64,11.97,28.0
050US18081,12.72,12.34,156.21
050US29103,13.9,7.0,9.0
050US29127,13.0,9.26,40.88
050US29161,19.98,7.45,27.7
050US39049,13.59,13.4,85.9
050US22007,13.2,11.23,37.83
050US05059,11.25,10.29,45.86
050US05143,18.71,8.6,72.91
050US40011,8.95,11.24,23.2
050US29179,11.21,13.65,28.5
050US40097,12.7,10.71,47.75
050US26049,13.08,18.44,99.26
050US21057,11.66,12.3,36.0
050US39111,10.68,12.9,37.75
050US46105,11.8,6.3,10.0
050US42093,10.05,7.03,39.0
050US08057,8.18,7.4,8.0
050US33009,16.47,7.28,41.89
050US39101,11.89,15.39,85.61
050US30063,17.43,3.18,26.58
050US36111,12.83,9.14,43.92
050US23017,10.97,10.86,53.0
050US45013,12.44,9.56,108.81
050US34011,12.41,12.24,69.23
050US48345,9.0,33.3,28.0
050US25027,13.85,12.64,90.67
050US47187,12.76,3.64,68.0
050US04025,9.75,9.73,171.08
050US08079,4.98,7.1,10.0
050US41067,12.18,4.2,45.88
050US18013,10.44,9.5,66.5
050US26081,13.84,11.64,86.94
050US26085,9.86,13.0,88.0
050US55081,11.47,12.0,65.0
050US21149,11.33,11.77,26.25
050US29071,12.06,8.81,98.2
050US29213,13.73,9.08,142.0
050US30091,10.16,5.42,5.75
050US19155,12.78,8.08,35.84
050US18087,14.76,13.91,80.43
050US18113,12.98,15.28,100.9
050US29101,24.19,7.07,45.22
050US18151,14.36,10.66,62.0
050US26157,11.84,11.76,66.93
050US29129,12.72,8.2,10.5
050US36087,13.96,6.11,46.66
050US47067,10.58,14.22,14.75
050US47033,11.82,16.82,61.4
050US47159,12.19,13.06,62.0
050US48073,13.68,11.27,32.45
050US30047,11.68,4.66,13.78
050US31059,10.94,9.8,32.5
050US22013,11.85,13.62,27.8
050US22085,11.65,12.6,28.43
050US24013,13.11,4.76,51.77
050US26109,11.04,8.53,37.25
050US04027,15.63,17.72,142.85
050US13105,11.07,16.64,63.4
050US21223,12.06,15.45,91.5
050US31061,10.05,12.75,17.0
050US47077,11.5,14.65,66.33
050US48031,10.44,6.05,32.0
050US16057,28.59,3.11,15.0
050US37011,12.71,5.25,31.75
050US21225,19.04,12.33,67.67
050US48501,13.37,8.45,25.5
050US37077,12.84,13.16,98.86
050US13163,12.71,18.82,59.5
050US13221,10.79,13.97,83.0
050US24041,9.49,4.33,33.56
050US26083,8.45,7.5,8.67
050US16005,14.98,5.04,28.59
050US49013,13.08,5.9,30.5
050US51001,10.33,7.36,36.78
050US51109,10.07,7.9,106.0
050US51163,10.26,5.47,33.25
050US53017,12.77,4.88,30.25
050US05075,14.21,12.26,44.6
050US05131,13.58,5.75,35.12
050US06065,14.6,24.32,300.3
050US01069,12.09,9.02,52.62
050US01121,12.79,11.95,49.68
050US04012,9.29,10.6,23.0
050US13039,16.49,9.91,111.0
050US40087,12.25,9.3,77.2
050US27027,19.06,5.22,31.77
050US27113,11.76,9.7,27.6
050US29099,11.76,8.52,109.19
050US48117,14.87,7.76,31.2
050US48147,12.2,10.66,30.33
050US17065,10.55,10.65,21.5
050US45033,12.59,16.03,60.17
050US31073,9.68,7.0,14.0
050US39075,15.62,10.2,46.5
050US48171,10.42,5.3,22.0
050US55079,13.7,14.44,61.08
050US26139,17.99,8.21,90.11
